sid,name,designation,address,phoneno,salary,email
1,Boone Hastler,doctor,603 Old Gate Park,4492662021,2377080,bhastler0@imdb.com
2,Kleon Carwithan,doctor,2 Huxley Circle,7569757284,2974375,kcarwithan1@nps.gov
3,Agosto Dowzell,admin,086 Mariners Cove Place,2321763481,6872366,adowzell2@edublogs.org
4,Clem Common,tech,52 Birchwood Park,1754945331,1594371,ccommon3@imgur.com
5,Faith Tunnah,doctor,04680 Eggendart Pass,8748351917,4922651,ftunnah4@dailymail.co.uk
6,Valentine Wabe,doctor,9087 Ridge Oak Drive,8952292688,7029429,vwabe5@icio.us
7,Trace Scotchbourouge,doctor,426 Miller Avenue,7101226828,1675386,tscotchbourouge6@umn.edu
8,Kennan Mitkcov,admin,91265 Jackson Point,9035929070,5389835,kmitkcov7@jigsy.com
9,Benjie Rusk,admin,9 Straubel Junction,3326611065,5434918,brusk8@pen.io
10,Olav Paddeley,doctor,7 Graceland Way,3725018992,1698351,opaddeley9@youtube.com
11,Gwendolyn Nordass,doctor,8 Dexter Pass,6858549101,6722645,gnordassa@usa.gov
12,Evin Emer,doctor,0 Cambridge Street,3334975081,6904492,eemerb@friendfeed.com
13,Kin Sincock,doctor,36 Calypso Pass,1461649262,4431436,ksincockc@is.gd
14,Doug Beckerleg,doctor,7 Mockingbird Hill,4501980844,1504640,dbeckerlegd@google.ca
15,Devondra Kayser,admin,646 Bayside Parkway,2803690847,1025510,dkaysere@china.com.cn
16,Whitney Hubble,tech,151 Main Plaza,2368768995,5518984,whubblef@arizona.edu
17,Monica Burdoun,doctor,0 Arapahoe Pass,1521074332,3946841,mburdoung@bloglovin.com
18,Kippy Ravillas,tech,568 Barby Road,2079347502,6004751,kravillash@drupal.org
19,Sharron Hempshall,doctor,0000 Gateway Park,5393516745,8665710,shempshalli@eepurl.com
20,Tasha Coultish,doctor,302 Warner Circle,1214387128,4130358,tcoultishj@1688.com
21,Thaddus Glabach,doctor,15410 Spohn Park,5622529086,5934171,tglabachk@spotify.com
22,Gaylene Offiler,doctor,37 Blue Bill Park Hill,1288242068,1652547,goffilerl@guardian.co.uk
23,Elsinore McBayne,doctor,6497 Browning Crossing,1745870137,5253256,emcbaynem@wiley.com
24,Raimundo MacAlpyne,doctor,893 David Trail,1952939786,4318954,rmacalpynen@rambler.ru
25,Annissa O'Cassidy,doctor,94010 Parkside Alley,4777437167,3982249,aocassidyo@yellowbook.com
26,Kennedy Mounter,doctor,58984 Namekagon Hill,6748886805,4435355,kmounterp@vkontakte.ru
27,Dino Bartkowiak,doctor,81617 Harper Plaza,2893866823,3112654,dbartkowiakq@reddit.com
28,Gladi Coskerry,admin,5826 Warbler Plaza,9578847154,9358589,gcoskerryr@hatena.ne.jp
29,Lanni Ventam,doctor,4520 Anzinger Hill,1394984732,4660761,lventams@godaddy.com
30,Adriena Canedo,tech,46341 Main Road,3704713898,6471727,acanedot@mac.com
31,Izzy Butchers,doctor,747 Stephen Plaza,8931073626,6070200,ibutchersu@java.com
32,Darrin Bodechon,admin,689 Pennsylvania Parkway,9253448415,5950605,dbodechonv@google.nl
33,Kimmie Lygo,admin,335 John Wall Avenue,8866251274,6808043,klygow@de.vu
34,Ediva Willetts,doctor,76461 Nancy Terrace,6697181987,8373908,ewillettsx@economist.com
35,Dame Birdwistle,doctor,779 Namekagon Hill,4351979205,5659056,dbirdwistley@nba.com
36,Engelbert Annandale,admin,04558 Spenser Drive,7774664460,9858112,eannandalez@linkedin.com
37,Pattie Voss,doctor,7 Paget Court,2599443997,1421692,pvoss10@360.cn
38,Marijo Vankeev,doctor,91800 Dahle Way,2219373050,4573751,mvankeev11@howstuffworks.com
39,Germain Bullimore,doctor,350 Evergreen Way,6488843720,5176823,gbullimore12@blog.com
40,Susanna McGeouch,doctor,2358 Graedel Alley,7575219158,1297664,smcgeouch13@msn.com
41,Burnaby Dales,doctor,695 New Castle Pass,4427072486,8880215,bdales14@craigslist.org
42,Cristen Warrington,doctor,859 Mallard Center,1516229257,3308349,cwarrington15@illinois.edu
43,Micky McCarrell,doctor,15492 Cherokee Alley,1662618000,3062649,mmccarrell16@dell.com
44,Talya Habben,doctor,00305 Basil Parkway,7034701525,1881090,thabben17@gravatar.com
45,Ellyn Cammis,doctor,74453 Esch Lane,6384385578,3898090,ecammis18@altervista.org
46,Ravid Elliott,admin,176 Morning Drive,5717970951,5021268,relliott19@virginia.edu
47,Brand Dow,tech,214 Westerfield Park,8707740088,9613410,bdow1a@zdnet.com
48,Elmira Geraldo,doctor,30968 Esker Road,9877284471,9103300,egeraldo1b@webs.com
49,Horacio Dassindale,doctor,56 Sundown Way,5479630357,3239482,hdassindale1c@sourceforge.net
50,Kendal Woodstock,doctor,30675 Mayer Plaza,2924455935,5434617,kwoodstock1d@virginia.edu
51,Lanna Town,admin,13962 Anhalt Parkway,8581598412,7948160,ltown1e@com.com
52,Teena Alten,doctor,27849 Troy Road,6911425818,1082522,talten1f@smh.com.au
53,Kitti Faragan,doctor,3182 Judy Junction,1039017654,4280829,kfaragan1g@jalbum.net
54,Nichols Wolver,doctor,61 Lindbergh Court,5753772455,8572058,nwolver1h@eventbrite.com
55,Heindrick Rolance,admin,38 Ilene Court,3514936181,2892545,hrolance1i@omniture.com
56,Bordy Gallant,doctor,5 Dovetail Lane,3536682329,9356902,bgallant1j@yale.edu
57,Barb Gerardin,doctor,102 Victoria Lane,6638746323,3247742,bgerardin1k@wix.com
58,Marty Mattin,doctor,31073 Shelley Crossing,3981791647,6557425,mmattin1l@networksolutions.com
59,Ortensia Feaster,tech,87 Ilene Junction,9456507360,6491167,ofeaster1m@parallels.com
60,Afton Philipet,doctor,10 International Avenue,9373744472,5101658,aphilipet1n@wiley.com
61,Yetty Klulisek,doctor,99003 Fairview Center,4806781098,8397153,yklulisek1o@technorati.com
62,Brana Ahrendsen,tech,1621 Dixon Hill,5558989204,4420332,bahrendsen1p@amazon.com
63,Ailene Shyram,tech,6083 Forest Run Court,5549793556,2076818,ashyram1q@clickbank.net
64,Naomi Lidgett,doctor,23 Summit Terrace,5155465230,4893567,nlidgett1r@miibeian.gov.cn
65,Shirlee Farrey,doctor,0 Anderson Lane,9044818588,7306496,sfarrey1s@msu.edu
66,Teddy O'Caine,admin,9 Eastwood Trail,6369266946,8690382,tocaine1t@biglobe.ne.jp
67,Delora de la Valette Parisot,doctor,5 Summit Parkway,3308516691,8065460,dde1u@epa.gov
68,Justine Revel,doctor,62 Debra Trail,4687547347,9891128,jrevel1v@de.vu
69,Yves Bengle,doctor,7136 Jackson Point,8328876939,2815012,ybengle1w@patch.com
70,Feliks Pressdee,doctor,1 Emmet Road,7834605007,5468542,fpressdee1x@engadget.com
71,Papagena Murch,doctor,05249 Ridge Oak Avenue,4226936295,4384072,pmurch1y@edublogs.org
72,Chere Armatage,doctor,88536 Trailsway Crossing,7832819257,7527717,carmatage1z@epa.gov
73,Mab Shakespear,doctor,929 Hansons Terrace,9047978600,5311994,mshakespear20@discovery.com
74,Zebulen Hayles,doctor,974 Upham Avenue,2595742674,9083936,zhayles21@about.me
75,Olvan Bullcock,doctor,20 Lotheville Road,9555430067,5856061,obullcock22@umn.edu
76,Ray McMurty,doctor,3 Pine View Crossing,2769552726,8719200,rmcmurty23@jalbum.net
77,Andra Pitsall,doctor,94741 Nelson Trail,2662737030,3901295,apitsall24@theguardian.com
78,Lila Szimon,doctor,863 Emmet Way,6231584127,1109751,lszimon25@opensource.org
79,Vittorio Ossipenko,doctor,3 Milwaukee Court,6666080636,6666618,vossipenko26@moonfruit.com
80,Robbyn Meriton,doctor,8419 Manitowish Circle,1274327738,4311057,rmeriton27@dmoz.org
81,Antony Wolver,admin,8540 Toban Park,9504184824,7479687,awolver28@etsy.com
82,Georg Smallsman,admin,98 Monica Trail,6916378182,6986495,gsmallsman29@cafepress.com
83,Conrad Chicken,doctor,53 Sutteridge Circle,6452472394,8356070,cchicken2a@slideshare.net
84,Elinore Kimbury,doctor,90526 Swallow Plaza,2896483365,2474731,ekimbury2b@ucsd.edu
85,Ruperta McFade,doctor,7266 Ronald Regan Alley,6366439790,8972275,rmcfade2c@google.ru
86,Cathe Tinker,doctor,5 Armistice Center,9047359327,1090516,ctinker2d@abc.net.au
87,Leontine Vasyunin,doctor,178 Southridge Junction,7344757778,8159666,lvasyunin2e@unesco.org
88,Sheffield Tingly,doctor,33 Annamark Pass,2148850330,8321335,stingly2f@xing.com
89,Lauree Fellow,doctor,57 Fulton Avenue,2459197665,9105253,lfellow2g@pinterest.com
90,Grier Westfield,tech,35895 Ludington Drive,5387592818,3760324,gwestfield2h@tamu.edu
91,Brod Andrejs,doctor,238 South Place,3202593174,5555734,bandrejs2i@cnbc.com
92,Lucais Nacey,doctor,073 Thackeray Alley,1319966704,8574272,lnacey2j@myspace.com
93,Wilie Wheatland,doctor,95808 Barnett Junction,2665494085,5100304,wwheatland2k@twitpic.com
94,Kelsey Busen,doctor,045 Pierstorff Trail,8851458088,7232644,kbusen2l@domainmarket.com
95,Harwell Tosh,doctor,28 Texas Place,8797428603,5722632,htosh2m@newyorker.com
96,Alonzo Capener,doctor,606 Heath Crossing,9757779251,2863298,acapener2n@etsy.com
97,Judie Gain,doctor,35099 Huxley Terrace,9366097406,7521591,jgain2o@ebay.co.uk
98,Maia O'Duggan,doctor,12 Mockingbird Court,8248234854,7405758,moduggan2p@merriam-webster.com
99,Bobbee Merrikin,doctor,359 North Center,9599557416,1164699,bmerrikin2q@sfgate.com
100,Cinderella Tuxill,tech,43 Harper Way,1832750794,4817266,ctuxill2r@deliciousdays.com
101,Syd Mertsching,doctor,389 Cardinal Crossing,1575681534,7465902,smertsching2s@ow.ly
102,Carmencita De Malchar,doctor,8 Oakridge Alley,1779662546,3570754,cde2t@china.com.cn
103,Wiley Pothergill,doctor,57807 Hoffman Avenue,1824346874,3089986,wpothergill2u@elpais.com
104,Gigi Biggerdike,doctor,1 Gina Street,4311846550,1501945,gbiggerdike2v@guardian.co.uk
105,Silas Ramey,admin,7 Pierstorff Crossing,3003441703,2540276,sramey2w@pen.io
106,Diego Commings,doctor,73 Ronald Regan Alley,4164466492,2580325,dcommings2x@patch.com
107,Putnam Goodie,doctor,49 Sundown Plaza,8057054346,1869286,pgoodie2y@rediff.com
108,Cassandry Cattle,doctor,2717 Thompson Center,4089747917,4381856,ccattle2z@chron.com
109,Sherline Cosens,doctor,348 Prentice Avenue,4544950669,5564818,scosens30@youtube.com
110,Wilhelm Benian,doctor,50 Onsgard Plaza,9641795588,3170689,wbenian31@canalblog.com
111,Emmet Yashunin,admin,55868 Namekagon Alley,9852559663,8818682,eyashunin32@uiuc.edu
112,Karlie Crackel,doctor,193 Ohio Way,7818838582,8866726,kcrackel33@topsy.com
113,Oralee Kroin,doctor,033 Pepper Wood Lane,2788220114,2970619,okroin34@whitehouse.gov
114,Ketti Riggey,doctor,9 Iowa Center,7456498112,8826600,kriggey35@bravesites.com
115,Cris Espasa,doctor,2 Granby Hill,3655690628,6971507,cespasa36@cocolog-nifty.com
116,Annecorinne Rickaert,admin,1550 Roth Parkway,9918531321,8584805,arickaert37@geocities.com
117,Ivie Artingstall,doctor,69 Bunker Hill Parkway,9514933838,2484185,iartingstall38@ed.gov
118,Rupert Blakeway,doctor,2866 Anderson Terrace,8403174322,5581897,rblakeway39@parallels.com
119,Nisse MacPherson,doctor,6773 Ridgeway Circle,3183555934,7871915,nmacpherson3a@ox.ac.uk
120,Stanley Dommersen,doctor,30162 Eliot Junction,7212880861,9157441,sdommersen3b@statcounter.com
121,Muffin Hickeringill,doctor,8492 Delaware Hill,8063067634,7319146,mhickeringill3c@furl.net
122,Teressa Barks,admin,5 Anhalt Point,7087840872,4512572,tbarks3d@ihg.com
123,Baillie Loughren,doctor,162 3rd Trail,2596131639,4708438,bloughren3e@tamu.edu
124,Lynnea Giovannardi,doctor,75676 Brentwood Pass,4732021732,8442402,lgiovannardi3f@irs.gov
125,Ham Paradine,admin,100 Buena Vista Park,2211126598,3471944,hparadine3g@weather.com
126,Carola Di Giorgio,doctor,87072 Drewry Alley,2527393000,1290344,cdi3h@mtv.com
127,Roi Jendrassik,doctor,32684 Morningstar Pass,5225743410,5945236,rjendrassik3i@census.gov
128,Phedra Dory,doctor,575 Delladonna Lane,3466651792,2641326,pdory3j@hc360.com
129,Betta Carles,doctor,70116 Bultman Pass,9156827995,8658093,bcarles3k@jimdo.com
130,Nils House,doctor,416 Vidon Parkway,5881433381,8931850,nhouse3l@com.com
131,Bessie Tootin,admin,66 Buell Terrace,1727791256,2880888,btootin3m@forbes.com
132,Gracia Dollman,doctor,7 Trailsway Park,2182127145,1741203,gdollman3n@toplist.cz
133,Sonny Torry,doctor,4153 Claremont Plaza,1851418467,8188464,storry3o@webmd.com
134,Aldin McClenaghan,doctor,6362 Myrtle Point,9231821455,4383241,amcclenaghan3p@sciencedirect.com
135,Letizia Shaddock,doctor,6981 Myrtle Road,1814546373,1193262,lshaddock3q@stanford.edu
136,Sven Possek,doctor,025 Loeprich Lane,4498369300,4347723,spossek3r@hao123.com
137,Barnabas Jaggs,doctor,024 Loomis Parkway,4015352582,5624527,bjaggs3s@cyberchimps.com
138,Giffy Willmer,doctor,3 Fulton Lane,3025832064,5440358,gwillmer3t@ucoz.com
139,Cornie Ranvoise,doctor,5 Walton Court,1247994545,6542279,cranvoise3u@npr.org
140,Fifi Sreenan,doctor,7 Grim Drive,1376600187,4334170,fsreenan3v@goodreads.com
141,Kalil Downer,doctor,0649 Sherman Park,5071696572,1910607,kdowner3w@istockphoto.com
142,Orville Edlyn,admin,42849 Nancy Park,7121575115,6827545,oedlyn3x@ucsd.edu
143,Glenden Balas,doctor,66143 Hazelcrest Lane,9977162209,9841316,gbalas3y@webeden.co.uk
144,Barnard Tourry,doctor,8 Dawn Plaza,1422273885,2938268,btourry3z@youtube.com
145,Avie Wemes,doctor,804 Fisk Avenue,2789822169,5447139,awemes40@google.com
146,Rustin Powlesland,doctor,54 Mayer Center,4872161734,1537166,rpowlesland41@washingtonpost.com
147,Tally Pocock,tech,2037 Southridge Drive,8422876695,6829029,tpocock42@cmu.edu
148,Barry Gozzett,doctor,3551 Scofield Court,9569939876,3426533,bgozzett43@yale.edu
149,Pavia Cowill,doctor,07 Prairie Rose Pass,5789101608,6496119,pcowill44@disqus.com
150,Kristos Horrell,doctor,4 Coolidge Crossing,3289981578,1664057,khorrell45@wufoo.com
151,Suzann Gosneye,doctor,0499 Hintze Park,3762439297,8880185,sgosneye46@accuweather.com
152,Lindsy Shillabear,doctor,3019 Forest Hill,7468305588,9524110,lshillabear47@tuttocitta.it
153,Beaufort Axworthy,doctor,1 Armistice Center,2394301439,5056421,baxworthy48@japanpost.jp
154,Fitzgerald Mehaffey,doctor,2 Mesta Junction,4232754119,1307075,fmehaffey49@phoca.cz
155,Susan Gammell,doctor,66 Norway Maple Circle,2531187889,8250705,sgammell4a@pinterest.com
156,Tommie Gibbeson,doctor,0 Sauthoff Drive,3065284327,5753323,tgibbeson4b@vk.com
157,Gaby Djekic,doctor,9 Canary Crossing,8486492992,7501273,gdjekic4c@xing.com
158,Orlan Raccio,doctor,9400 Loftsgordon Plaza,8516537985,9930060,oraccio4d@google.cn
159,Athene Orwell,admin,746 Manitowish Trail,1106587782,7035856,aorwell4e@newyorker.com
160,Leticia Conklin,admin,8575 Heffernan Hill,5659026964,3485551,lconklin4f@pcworld.com
161,Laney MacAulay,admin,6 Northwestern Drive,7932891827,4845816,lmacaulay4g@java.com
162,Say Worms,doctor,34 Carioca Pass,2677881378,3834360,sworms4h@ted.com
163,Maryjo Brenard,doctor,19813 Havey Pass,3176041566,1851634,mbrenard4i@youku.com
164,Cherye Linch,tech,1321 Northport Place,2081711734,6860304,clinch4j@mayoclinic.com
165,Penni Yakushkin,admin,68448 Moulton Avenue,7325715809,9202229,pyakushkin4k@stanford.edu
166,Laurent Botting,admin,3032 Division Junction,9965519221,2778950,lbotting4l@unesco.org
167,Willie Fillingham,tech,45 Katie Parkway,7621805174,4125809,wfillingham4m@meetup.com
168,Josefa Kinker,doctor,2 Maywood Parkway,5648813877,4103156,jkinker4n@latimes.com
169,Dolores Leftly,doctor,8701 Mariners Cove Pass,6873157683,9840785,dleftly4o@skype.com
170,Zara Karppi,doctor,92 Pond Way,4798559853,9265504,zkarppi4p@netvibes.com
171,Jammie Zambonini,admin,941 Hudson Way,8921032299,6647300,jzambonini4q@storify.com
172,Maxy Rosengren,admin,01 American Ash Terrace,6398674379,8894921,mrosengren4r@opera.com
173,Cecily Horsley,doctor,0 Autumn Leaf Junction,9751119850,5742589,chorsley4s@usa.gov
174,Meghann Chesser,doctor,4165 Fordem Alley,5707983921,1058955,mchesser4t@army.mil
175,Shane Teresa,doctor,695 Eastwood Pass,6865407227,3904607,steresa4u@themeforest.net
176,Laney Kelway,doctor,4662 Victoria Road,6429328880,5454760,lkelway4v@cbsnews.com
177,Court Camell,doctor,4 Carpenter Lane,2738419174,5511232,ccamell4w@reuters.com
178,Daryl Josuweit,doctor,5 Golf View Point,6586817864,3129312,djosuweit4x@tuttocitta.it
179,Arielle Dietsche,admin,82 Wayridge Parkway,3273974543,5526103,adietsche4y@spiegel.de
180,Drusie Hanrott,doctor,3982 Meadow Ridge Plaza,9034719192,1915429,dhanrott4z@github.io
181,Fancie Petkov,doctor,7 Butternut Circle,7307358715,6275772,fpetkov50@photobucket.com
182,Lief Clevely,doctor,27 Dwight Court,8958885432,2221398,lclevely51@intel.com
183,Gustav Connah,doctor,9 Rockefeller Junction,4517071717,9033781,gconnah52@github.com
184,Hermione Karolowski,doctor,7963 South Road,6832249107,2133166,hkarolowski53@chron.com
185,Charita Ortes,doctor,1208 Surrey Street,7087687378,3598925,cortes54@reddit.com
186,Pavlov Wooton,admin,89 Johnson Place,1062461393,6659488,pwooton55@loc.gov
187,Jenni Grevile,doctor,3813 Lillian Court,6751103435,3848353,jgrevile56@ocn.ne.jp
188,Darryl Nanni,doctor,70 Stoughton Drive,8528688419,6040077,dnanni57@soundcloud.com
189,Abbi Lauritsen,doctor,82738 Logan Park,3314948595,7687012,alauritsen58@ucla.edu
190,Alie Bytheway,doctor,61133 Chive Court,2466332824,3151155,abytheway59@google.es
191,Oby Wreford,doctor,5 American Ash Center,6999995993,1358011,owreford5a@bloomberg.com
192,Babette Kerrane,doctor,66951 Mosinee Drive,5753291781,2096713,bkerrane5b@nymag.com
193,Noland Radden,doctor,33 Myrtle Plaza,3619400042,1682356,nradden5c@free.fr
194,Fidelia Syder,doctor,27086 Carpenter Circle,7859139021,1797724,fsyder5d@gov.uk
195,Frankie Jenik,doctor,988 Hanover Place,9608029765,5464104,fjenik5e@noaa.gov
196,Ole Ilyenko,doctor,3721 Fallview Court,8824965407,4423347,oilyenko5f@pagesperso-orange.fr
197,Charley Witch,doctor,398 Weeping Birch Crossing,8363654061,7102200,cwitch5g@sun.com
198,Perkin Arnke,admin,73420 Iowa Court,5459853767,8628818,parnke5h@drupal.org
199,Gibby Shelton,doctor,3 Truax Court,5759777288,4857064,gshelton5i@posterous.com
200,Emogene Tristram,doctor,6 Stone Corner Way,6266585123,4296781,etristram5j@weebly.com
201,Lorin Pavie,doctor,04074 Anthes Lane,3185390259,7836171,lpavie5k@amazonaws.com
202,Katlin Mawman,doctor,468 International Trail,9407214845,1160331,kmawman5l@so-net.ne.jp
203,Chelsy Dawidsohn,doctor,94 Upham Park,5639796091,5151897,cdawidsohn5m@abc.net.au
204,Cora Yearby,doctor,3300 Lien Park,4085495380,2068038,cyearby5n@bandcamp.com
205,Fredi Ricoald,doctor,86 Oneill Road,9773285535,8250886,fricoald5o@prweb.com
206,Doralynn Gilbank,doctor,0 Golf Course Plaza,9995865694,3253204,dgilbank5p@tumblr.com
207,Francklyn Hullot,doctor,27 Twin Pines Lane,6326288665,2205522,fhullot5q@netlog.com
208,Deonne Wilflinger,admin,81 Onsgard Center,2535841227,6968427,dwilflinger5r@shareasale.com
209,Jocelyne Ordidge,tech,6 Village Green Circle,8928293572,8733467,jordidge5s@mashable.com
210,Fanya Libri,doctor,09 John Wall Junction,5261412690,3657600,flibri5t@army.mil
211,Marysa Pendall,admin,0389 Artisan Drive,4187380710,8126930,mpendall5u@cdc.gov
212,Nikaniki Longhirst,doctor,16 Oxford Center,6965775964,1984124,nlonghirst5v@lulu.com
213,Dar Morigan,doctor,803 Messerschmidt Road,9293494814,7561520,dmorigan5w@slashdot.org
214,Edan Guterson,admin,76044 Hooker Plaza,6224034169,7740577,eguterson5x@qq.com
215,Jacquelin Kirstein,doctor,18681 Stone Corner Drive,8429871988,5632601,jkirstein5y@weebly.com
216,Deena Laudham,doctor,314 Ronald Regan Terrace,9222976198,6859899,dlaudham5z@macromedia.com
217,Juliane Hatz,doctor,93937 Eastlawn Court,8235169617,6504777,jhatz60@php.net
218,Damon Menault,doctor,54 Prairie Rose Park,6054591012,4351164,dmenault61@walmart.com
219,Urson Darben,doctor,744 Veith Road,1933917511,4721781,udarben62@cornell.edu
220,Dorrie Hume,admin,926 Oxford Avenue,2931587489,2609571,dhume63@webeden.co.uk
221,Gail Yetman,doctor,52330 Debs Trail,4171679566,2769235,gyetman64@bbc.co.uk
222,Gay Wapples,doctor,14 Delaware Alley,3524679361,6717761,gwapples65@washingtonpost.com
223,Panchito Mantha,doctor,10014 Forest Avenue,4603408771,7337454,pmantha66@google.fr
224,Chiquia Jelkes,doctor,60 Del Mar Crossing,5908091564,1005963,cjelkes67@a8.net
225,Gladys Hallut,doctor,1556 Glacier Hill Junction,4911912737,9205280,ghallut68@topsy.com
226,Shem Boylund,doctor,9 Declaration Hill,8079427639,8864447,sboylund69@mit.edu
227,Lizbeth Pringle,doctor,57542 Hintze Drive,9027703022,6647473,lpringle6a@freewebs.com
228,Arley Chantler,doctor,1333 Sheridan Circle,6472974613,2022160,achantler6b@wikimedia.org
229,Edan Eouzan,admin,1276 Superior Alley,1298265876,5341320,eeouzan6c@rakuten.co.jp
230,Doralynn Leatherland,tech,89 Killdeer Trail,4392464267,8617974,dleatherland6d@unesco.org
231,Kesley Wattins,doctor,67142 Northwestern Center,2212322417,8310502,kwattins6e@theglobeandmail.com
232,Scot Channer,doctor,0 Bowman Court,9134470337,2317854,schanner6f@ezinearticles.com
233,Guenevere Aberchirder,doctor,23519 Elka Place,6657080418,9295492,gaberchirder6g@usa.gov
234,Norina Jouanot,doctor,34641 Hayes Junction,4075527288,2461399,njouanot6h@umich.edu
235,Diandra Deniscke,doctor,33871 Namekagon Crossing,7853616164,9566105,ddeniscke6i@google.com.hk
236,Dorree Camerana,doctor,72 Jackson Pass,2357518903,5936236,dcamerana6j@ebay.com
237,Leigha Tynan,doctor,101 Welch Plaza,5009440762,2639623,ltynan6k@yelp.com
238,Gerrilee Bendin,doctor,1398 Farmco Lane,2635686331,9459371,gbendin6l@zimbio.com
239,Ned Morriss,admin,7 Rusk Crossing,3277770267,2591930,nmorriss6m@alibaba.com
240,Pam Mayou,doctor,970 Fair Oaks Road,8266587173,4194330,pmayou6n@wikispaces.com
241,Ian Daynter,doctor,50298 Chive Pass,3953849068,7781536,idaynter6o@tripadvisor.com
242,Maddy Petofi,doctor,47 Old Gate Place,1569850911,9180869,mpetofi6p@stumbleupon.com
243,Manny Crannage,doctor,54 Atwood Parkway,7134764251,3344237,mcrannage6q@noaa.gov
244,Brandice McGrail,doctor,082 Eagle Crest Point,9992998927,6610274,bmcgrail6r@wunderground.com
245,Maurits Guard,doctor,6709 Barby Place,6971538092,3257549,mguard6s@instagram.com
246,Lucita Evemy,doctor,74987 Loftsgordon Center,3842756881,9484426,levemy6t@stanford.edu
247,Sharyl Kinneir,doctor,1418 Buell Junction,6569415814,7963680,skinneir6u@tmall.com
248,Karie Gherardi,doctor,670 Lakeland Court,7076196743,1378169,kgherardi6v@bandcamp.com
249,Gerianna Beldom,doctor,98 Randy Junction,3608171080,3178861,gbeldom6w@howstuffworks.com
250,Timmy Hullett,doctor,1015 Hermina Center,1549130554,9071619,thullett6x@e-recht24.de
251,Lucie Ebbs,doctor,7387 Florence Point,1842932944,3015275,lebbs6y@sakura.ne.jp
252,Betty Pinsent,doctor,7924 Pepper Wood Circle,1103274763,4943625,bpinsent6z@kickstarter.com
253,Tammara Forten,doctor,59306 Sunfield Crossing,1601472903,4222252,tforten70@seesaa.net
254,Dermot Owens,admin,850 Dexter Circle,1748160863,6427294,dowens71@psu.edu
255,Kaile Greenhalgh,doctor,1928 Southridge Hill,7163536023,4444729,kgreenhalgh72@t-online.de
256,Lindie Kenen,admin,8598 Dwight Circle,6236704511,7267910,lkenen73@ibm.com
257,Carmella Normansell,doctor,281 Burning Wood Way,1447818221,4344183,cnormansell74@google.co.uk
258,Farand Challis,doctor,18 Texas Plaza,7929485709,1333983,fchallis75@sciencedaily.com
259,Reid Gerok,tech,44139 Holy Cross Hill,7023264236,5968944,rgerok76@bloomberg.com
260,Bradan Ilymanov,doctor,378 Cardinal Drive,4877007272,5147579,bilymanov77@google.com
261,Mala Brewse,doctor,3 Lyons Avenue,7569314888,7352839,mbrewse78@timesonline.co.uk
262,Carol-jean Roke,doctor,22 Atwood Court,6827874145,9635236,croke79@blogger.com
263,Flint Sedgemore,doctor,1 Magdeline Trail,1582700093,6176014,fsedgemore7a@mtv.com
264,Terza Snooks,doctor,938 Steensland Plaza,5863438012,1020526,tsnooks7b@dell.com
265,Kingston Tipperton,doctor,8684 Village Green Trail,6196757165,3105740,ktipperton7c@myspace.com
266,Nady Fusco,admin,19520 Walton Street,7118040510,7200202,nfusco7d@buzzfeed.com
267,Cindie Caldes,admin,65 Manitowish Trail,7699599669,9757530,ccaldes7e@sphinn.com
268,Myrlene Cottam,doctor,0148 Schlimgen Alley,7418250392,3116500,mcottam7f@ucoz.ru
269,Emmy Spitaro,doctor,962 Paget Terrace,4892055871,6832813,espitaro7g@boston.com
270,Cristal Boddis,doctor,83611 Loftsgordon Lane,4934703185,9018218,cboddis7h@so-net.ne.jp
271,Charla Spickett,doctor,69591 Hallows Circle,2778428222,1298227,cspickett7i@1und1.de
272,Garvey Joyce,doctor,53 Holmberg Parkway,5462062350,1172318,gjoyce7j@auda.org.au
273,Reg Fabler,admin,93 Riverside Junction,5825459936,6293624,rfabler7k@4shared.com
274,Rey Illingworth,doctor,75044 Fairfield Plaza,5342692366,6174788,rillingworth7l@reuters.com
275,Frederico Levick,doctor,96333 Veith Place,4061026876,5017328,flevick7m@zdnet.com
276,Willem McCluskey,doctor,1644 Northland Avenue,4558241476,4390784,wmccluskey7n@cloudflare.com
277,Biddy Karpf,doctor,2 Johnson Alley,8117149277,9812219,bkarpf7o@w3.org
278,Galina Swadlinge,doctor,18630 Oakridge Street,4123459922,7573410,gswadlinge7p@macromedia.com
279,Marietta Oaks,tech,12 Huxley Hill,4858498847,9148677,moaks7q@globo.com
280,Elinor Fenix,doctor,6867 Haas Terrace,1783571577,1412006,efenix7r@comcast.net
281,Eachelle Verdun,doctor,31855 Arizona Alley,2254160193,5186121,everdun7s@geocities.jp
282,Chantalle Malam,doctor,334 6th Crossing,3009862838,4516040,cmalam7t@live.com
283,Francyne Huyge,doctor,96384 Daystar Way,2881295395,1249430,fhuyge7u@theguardian.com
284,Coraline Kellard,doctor,79 Fuller Court,2535964158,5046748,ckellard7v@upenn.edu
285,Felecia Kippen,doctor,0175 Banding Park,8142653829,4637308,fkippen7w@dot.gov
286,Ashien Leimster,tech,59870 1st Alley,8323526762,9842558,aleimster7x@ezinearticles.com
287,Raynor Rainford,doctor,83008 Mitchell Park,6117399895,2576774,rrainford7y@mozilla.org
288,Elnora Balmforth,doctor,46 Raven Alley,8672333176,5589988,ebalmforth7z@oaic.gov.au
289,Ewell Bulstrode,doctor,6466 Delladonna Circle,8536487643,3942465,ebulstrode80@marriott.com
290,Archambault Neligan,doctor,69908 Oxford Place,8088399739,8035577,aneligan81@bloomberg.com
291,Harriette Cristofolini,doctor,85265 Michigan Street,7477566427,4963711,hcristofolini82@toplist.cz
292,Winthrop Waters,doctor,2 Thompson Center,7019338131,2036573,wwaters83@sogou.com
293,Anna-diane Ternault,doctor,591 West Center,4042738758,9298545,aternault84@usda.gov
294,Aubrey Trevithick,admin,1594 Graceland Circle,6739976159,3606848,atrevithick85@bbb.org
295,Tomasina Phizaclea,doctor,850 Lien Road,7603346234,2233542,tphizaclea86@livejournal.com
296,Ketty Bittlestone,doctor,71 Bayside Terrace,4171417955,5277578,kbittlestone87@xrea.com
297,Grove Took,doctor,1059 Fairview Center,9342574499,3310390,gtook88@rediff.com
298,Leyla Brannon,doctor,3 Oneill Court,2499112186,9279520,lbrannon89@163.com
299,Janaya Gogin,doctor,11 Garrison Lane,3624677726,3905464,jgogin8a@businessinsider.com
300,Letta Kippen,doctor,77 Waxwing Avenue,8193514715,4230033,lkippen8b@ezinearticles.com
301,Kingston Fermin,doctor,9304 Oak Terrace,8375847758,8655972,kfermin8c@php.net
302,Kelley Ilyushkin,doctor,16 Lunder Alley,9505062778,2253307,kilyushkin8d@ning.com
303,Cherilynn Ellershaw,doctor,5346 Judy Trail,7447863590,6597015,cellershaw8e@gnu.org
304,Celesta Simonnin,doctor,442 Artisan Terrace,6339100046,4707447,csimonnin8f@ibm.com
305,Meyer Stickings,tech,30921 Farragut Way,8507434146,8617155,mstickings8g@flickr.com
306,Hill Kilbourne,doctor,3605 Comanche Terrace,1562566700,5595547,hkilbourne8h@sun.com
307,Eudora Wessing,doctor,720 Pond Place,6148718875,5109966,ewessing8i@webmd.com
308,Osbourne Woollard,doctor,5 Lotheville Trail,8376493515,4681847,owoollard8j@instagram.com
309,Annora Antonucci,admin,6 Melody Junction,6195462206,7831492,aantonucci8k@cbslocal.com
310,Joan Kinde,doctor,01 4th Parkway,8344900838,9643154,jkinde8l@xinhuanet.com
311,Grace Galbraeth,doctor,66 Jana Pass,1139912028,7464699,ggalbraeth8m@youtu.be
312,Patti Glyssanne,doctor,16824 Northwestern Place,7209912817,2986567,pglyssanne8n@dailymotion.com
313,Gabbie Carn,admin,6220 Chinook Alley,7592822693,6206777,gcarn8o@imageshack.us
314,Nancey Hacquel,doctor,8612 Dakota Junction,4767227634,9834966,nhacquel8p@aboutads.info
315,Reinald Crosier,admin,1 Duke Circle,6053948034,1165431,rcrosier8q@mediafire.com
316,Goraud Tweede,tech,4 Goodland Junction,5766025778,4353993,gtweede8r@cbsnews.com
317,Shae Londsdale,doctor,60029 Center Lane,2639878210,3783336,slondsdale8s@intel.com
318,Ruben Renehan,admin,02 Pawling Lane,7924249333,3998156,rrenehan8t@rakuten.co.jp
319,Trish Dobbins,doctor,88482 Dawn Court,2944335904,8841233,tdobbins8u@unicef.org
320,Francisco Pfiffer,doctor,84 Stone Corner Parkway,8279444378,4417060,fpfiffer8v@shareasale.com
321,Joycelin Moseley,tech,0 Paget Court,3199424225,1645988,jmoseley8w@hexun.com
322,Cathryn Mordacai,doctor,6707 Crowley Park,7633012550,2162412,cmordacai8x@chron.com
323,Christiano Winspur,doctor,57653 Magdeline Road,2397702282,8330292,cwinspur8y@shareasale.com
324,Emelda Eley,doctor,2 Larry Place,5836016593,7998929,eeley8z@printfriendly.com
325,Bartel Charters,doctor,44 South Trail,7121516958,1999755,bcharters90@state.tx.us
326,Benn Korn,doctor,3 Prentice Terrace,9692053568,5331199,bkorn91@sciencedaily.com
327,Stella Nornable,doctor,70 Gale Park,6257754804,2284996,snornable92@archive.org
328,Sascha Vaune,doctor,9492 Stang Circle,1187128324,9502178,svaune93@a8.net
329,Joana Di Claudio,doctor,65 Sauthoff Park,2021036113,5737594,jdi94@feedburner.com
330,Aloysius Hayth,doctor,93041 Lake View Pass,4764942804,2666226,ahayth95@histats.com
331,Theodoric Beardow,doctor,712 Arapahoe Park,5326486241,4213894,tbeardow96@hexun.com
332,Oates Gierke,admin,018 Kim Trail,5533604376,3376618,ogierke97@usnews.com
333,Augy Ebbers,admin,6 Linden Terrace,7008697571,9185380,aebbers98@wired.com
334,Rani Adcocks,tech,288 Kennedy Place,4751076324,7022257,radcocks99@timesonline.co.uk
335,Melosa Jenny,doctor,9 Ruskin Trail,8407951858,2199904,mjenny9a@bloglines.com
336,Colet Gravenell,doctor,33 Fieldstone Trail,7731449970,4436121,cgravenell9b@springer.com
337,Roldan Busst,admin,43 Vidon Plaza,6539372153,6125377,rbusst9c@blogs.com
338,Millie Le Barr,doctor,07 Russell Park,8147254090,4268158,mle9d@mozilla.com
339,Siana Obbard,doctor,0597 Gerald Trail,2659274837,5899145,sobbard9e@yolasite.com
340,Ailene Rickeard,doctor,0252 Vernon Avenue,7976240231,3055530,arickeard9f@instagram.com
341,Garner Gosling,doctor,79266 Everett Drive,7666960560,2890735,ggosling9g@cdbaby.com
342,Dallis Snowden,tech,3795 7th Drive,2789469606,9246201,dsnowden9h@imgur.com
343,Cherin Portigall,doctor,142 Lukken Court,2581106219,1672364,cportigall9i@soundcloud.com
344,Wald Screen,doctor,92280 Independence Junction,5805748421,4343827,wscreen9j@uol.com.br
345,Georgetta Soall,doctor,06906 Green Ridge Road,3164204619,9311515,gsoall9k@soup.io
346,Samson Amor,admin,752 Fairfield Center,1587625020,2517199,samor9l@japanpost.jp
347,Sharity McGeachey,doctor,9579 Marcy Way,1172445427,1674122,smcgeachey9m@utexas.edu
348,Gertrude Crewther,doctor,7449 Hansons Drive,5255823783,7641279,gcrewther9n@gizmodo.com
349,Tremaine Whebell,doctor,7 Northport Court,2435465800,6509637,twhebell9o@google.ca
350,Dewie Inseal,doctor,5715 Roxbury Pass,9955439356,7962169,dinseal9p@rambler.ru
351,Kass MacAndrew,doctor,83 Troy Drive,1193196022,2977193,kmacandrew9q@netvibes.com
352,Jennica Zanni,doctor,732 Browning Road,3324009185,5052097,jzanni9r@chronoengine.com
353,Lettie Baudoux,doctor,003 Crowley Place,3626740940,5304853,lbaudoux9s@wix.com
354,Roderigo Neath,doctor,33807 Waubesa Lane,2203743501,2837246,rneath9t@wsj.com
355,Justino Whayman,doctor,51 Ohio Road,7515470462,8557698,jwhayman9u@rediff.com
356,Chance Minithorpe,admin,95 Troy Terrace,2249474231,3958361,cminithorpe9v@vk.com
357,Kain Brader,doctor,4235 Valley Edge Trail,1879326359,8904939,kbrader9w@bandcamp.com
358,Erina Goretti,doctor,958 Pond Point,8268539075,8830862,egoretti9x@lulu.com
359,Augy Core,doctor,97 Hudson Plaza,9236200517,7733310,acore9y@ovh.net
360,Yuma Thairs,doctor,1357 Manley Junction,2003029682,8489820,ythairs9z@tiny.cc
361,Heath Benton,doctor,44406 Sutherland Pass,9719612602,1518640,hbentona0@upenn.edu
362,Alfons McCartney,doctor,808 Dottie Park,9736486564,2607129,amccartneya1@ft.com
363,Issie Kempton,doctor,060 Starling Terrace,5697021799,4290986,ikemptona2@yandex.ru
364,Catharina Sales,admin,31 Bobwhite Pass,3234827122,7339650,csalesa3@amazon.de
365,Coralie MacWhan,doctor,00 Melrose Terrace,8208037272,8000152,cmacwhana4@artisteer.com
366,Baily Creus,admin,6 3rd Terrace,2751216635,7390221,bcreusa5@msu.edu
367,Arther Fahey,admin,1 Grasskamp Terrace,9822359123,8858815,afaheya6@tiny.cc
368,Jacklyn Niesel,doctor,70 Northland Hill,9705334673,6685868,jniesela7@github.io
369,Tine Heavy,doctor,73 Macpherson Road,5151387435,2131316,theavya8@artisteer.com
370,Sara Lidgate,doctor,19 Arizona Crossing,6931056668,6759135,slidgatea9@hud.gov
371,Jerrine Pye,doctor,4 Forest Run Hill,8462744057,4248848,jpyeaa@ca.gov
372,Ronny Stoakes,doctor,2860 Truax Parkway,7534196621,5412327,rstoakesab@omniture.com
373,Granville Andretti,admin,788 Oak Pass,4033486979,8450490,gandrettiac@canalblog.com
374,Carma Illem,doctor,32 Becker Junction,5859542621,7523993,cillemad@theatlantic.com
375,Floris Poppleston,doctor,169 Red Cloud Parkway,9013905373,9861673,fpopplestonae@skype.com
376,Peri Semken,doctor,42 Hooker Parkway,7893439316,2727680,psemkenaf@mapquest.com
377,Cos Antoniades,tech,13061 Northland Trail,2428926676,1413056,cantoniadesag@time.com
378,Alexia Plank,doctor,70 Vernon Lane,3763396634,1784163,aplankah@gnu.org
379,Brigid Crocken,admin,2 Continental Place,8605211271,3454629,bcrockenai@webs.com
380,Dyane Middiff,doctor,248 Larry Terrace,4664298049,6433075,dmiddiffaj@deliciousdays.com
381,Vanni Lorraway,doctor,72 Cordelia Point,2684176101,3210780,vlorrawayak@msn.com
382,Culley Singyard,doctor,716 Main Pass,7154471943,7025331,csingyardal@home.pl
383,Saidee Ormistone,doctor,6 Iowa Street,5979711550,9480028,sormistoneam@sina.com.cn
384,Gillie Godlee,admin,5 Hoffman Parkway,8331909469,8077938,ggodleean@icio.us
385,Guglielmo Mellor,doctor,21 Jenna Way,4261386734,5808535,gmellorao@simplemachines.org
386,Kelsey Zanetello,doctor,197 Almo Terrace,5693563870,3584474,kzanetelloap@twitter.com
387,Serge Griffitts,doctor,6562 Farwell Court,5592350404,9576376,sgriffittsaq@nba.com
388,Dusty Pinkstone,doctor,05 Old Shore Place,8637157053,7303089,dpinkstonear@vk.com
389,Hubie Gibberd,tech,73996 Springview Pass,4348720462,7587363,hgibberdas@dropbox.com
390,Sutherland Blueman,doctor,9 4th Lane,9465469208,1044238,sbluemanat@alibaba.com
391,Cash Burgan,tech,42 Debra Pass,1031456722,3377532,cburganau@google.co.uk
392,Base De Michele,doctor,2521 Graceland Lane,4683420476,8786506,bdeav@live.com
393,Laverne Burgne,admin,5 Prairie Rose Center,8052859501,3633058,lburgneaw@histats.com
394,Wendie Mollon,admin,722 Knutson Trail,2671366830,7128542,wmollonax@purevolume.com
395,Trevor Schimmang,admin,2105 Hazelcrest Drive,4519527549,1452122,tschimmangay@phoca.cz
396,Orsa Wheeldon,doctor,9881 Myrtle Circle,7064039797,2526570,owheeldonaz@hibu.com
397,Liam Tonner,doctor,42187 Hoard Terrace,8353125541,8448443,ltonnerb0@ihg.com
398,Sharai Lantuffe,doctor,595 American Crossing,1079572610,1375437,slantuffeb1@archive.org
399,Clarabelle Darey,admin,80997 Bellgrove Junction,5673414670,8134094,cdareyb2@moonfruit.com
400,Margaux Rispin,doctor,16 Kingsford Point,6424218767,2925599,mrispinb3@wix.com
401,Donovan Thurling,doctor,4197 Badeau Court,9918723170,5684567,dthurlingb4@amazon.de
402,Bone Hurlin,doctor,6332 Sullivan Terrace,8062005643,7549565,bhurlinb5@live.com
403,Anna Coite,doctor,30184 8th Circle,3935357091,4581821,acoiteb6@gmpg.org
404,Mirilla Bambury,doctor,56594 Harbort Circle,9386802864,8614435,mbamburyb7@icq.com
405,Babara Melmar,admin,962 Parkside Plaza,1982351363,4804904,bmelmarb8@answers.com
406,Krista Broxup,doctor,5035 Luster Junction,6884331773,9813062,kbroxupb9@salon.com
407,Claudina Savine,tech,0 Grover Center,1698729806,9065997,csavineba@bbb.org
408,Renee Dunbar,admin,42619 Judy Alley,3058449841,9058848,rdunbarbb@nba.com
409,Korry Sherreard,doctor,809 Donald Hill,1026194147,6521342,ksherreardbc@sfgate.com
410,Doralynn Ribou,tech,3565 Nevada Parkway,7081485727,5903004,driboubd@noaa.gov
411,Ashla Sibyllina,admin,1 Everett Trail,7487766814,7851189,asibyllinabe@addthis.com
412,Abbie Pagram,doctor,7 Judy Hill,9977366361,3429191,apagrambf@engadget.com
413,Domenico O'Malley,doctor,48 Green Parkway,8054059007,5320715,domalleybg@about.com
414,Claudelle Frick,tech,8 Fulton Avenue,1846102896,4461412,cfrickbh@furl.net
415,Joelie Deeny,doctor,5056 Arapahoe Court,5968127246,7977677,jdeenybi@unblog.fr
416,Godfrey Rentoul,tech,5850 Green Ridge Park,7627764565,8339964,grentoulbj@imageshack.us
417,Ced Lukes,doctor,26004 Orin Center,6681424509,6359199,clukesbk@moonfruit.com
418,Kippy Dowsey,doctor,340 Nelson Lane,2624125878,9668909,kdowseybl@ycombinator.com
419,Janis Mollin,doctor,5674 Independence Alley,9593306377,6564875,jmollinbm@skype.com
420,Star Gardiner,admin,7642 Mccormick Circle,8964717795,1883718,sgardinerbn@cyberchimps.com
421,Jemima Gohn,tech,5427 Kinsman Place,5023129108,6584007,jgohnbo@parallels.com
422,Johannah Ranns,doctor,1 Harbort Circle,2827021684,4799266,jrannsbp@state.gov
423,Jimmy Rogerson,doctor,56 Hallows Road,1331621104,3343294,jrogersonbq@youku.com
424,Gardener Bartels,doctor,3940 Marcy Hill,8924637095,9379542,gbartelsbr@google.ru
425,Constantin Kuhlen,doctor,2 Golf Course Crossing,6447010706,7197552,ckuhlenbs@eventbrite.com
426,Laurens Saenz,tech,329 Myrtle Road,2536864426,7306976,lsaenzbt@ft.com
427,Maureene Jagiela,doctor,55073 Sommers Parkway,4557423944,2373523,mjagielabu@blog.com
428,Florrie Burdin,tech,7923 Pepper Wood Junction,3414302196,7120712,fburdinbv@amazonaws.com
429,Merrily Levens,doctor,74594 Butterfield Street,4579283657,4892440,mlevensbw@un.org
430,Berget Drury,doctor,95 Hudson Crossing,6628662506,3036984,bdrurybx@bigcartel.com
431,Zollie Cianelli,doctor,53 Logan Road,9263475339,8076884,zcianelliby@smugmug.com
432,Anissa Oldall,admin,56968 Annamark Junction,7067690162,8948628,aoldallbz@weibo.com
433,Jenny McKelvey,doctor,0613 Debra Hill,8215816339,1834067,jmckelveyc0@seesaa.net
434,Loleta Aneley,doctor,02066 Schlimgen Avenue,3144171543,2012010,laneleyc1@ow.ly
435,Zaria Kinsell,doctor,6521 Sage Parkway,3586508996,4257067,zkinsellc2@huffingtonpost.com
436,Noel Feild,doctor,84 Truax Court,7036257647,6762714,nfeildc3@soup.io
437,Konstance Damiral,doctor,2 Forest Dale Crossing,7924498238,2569655,kdamiralc4@imdb.com
438,Lotti Gregoli,admin,243 Pierstorff Drive,7522817870,1527936,lgregolic5@surveymonkey.com
439,Lynn Haack,doctor,158 Clove Crossing,9958461030,2883267,lhaackc6@nps.gov
440,Kellie Baraja,doctor,2 Northport Avenue,4642191079,6593244,kbarajac7@hugedomains.com
441,Emmeline Splaven,doctor,36844 Division Park,6296173576,1722962,esplavenc8@angelfire.com
442,Dur Stebbings,doctor,68 Milwaukee Crossing,8647329103,6177109,dstebbingsc9@answers.com
443,Darice Sinclar,doctor,79926 Stoughton Avenue,3045574767,4357413,dsinclarca@newyorker.com
444,Barbabas Binion,doctor,4 Sutteridge Hill,5291473370,2774282,bbinioncb@mit.edu
445,Craggie Seemmonds,admin,12943 Brentwood Pass,8456240723,9869424,cseemmondscc@dell.com
446,Sanson Fabri,tech,50474 Messerschmidt Drive,9166484437,7876375,sfabricd@parallels.com
447,Geoff Sawers,doctor,263 Northfield Street,9593726368,8511606,gsawersce@blog.com
448,Glyn Firsby,doctor,9 Sloan Avenue,7215403990,6550477,gfirsbycf@cloudflare.com
449,Rhiamon Tomasik,doctor,0887 Merry Center,4869703170,1972448,rtomasikcg@mozilla.org
450,Rebecca Fidoe,doctor,82486 Westend Alley,7109537762,6951701,rfidoech@istockphoto.com
451,Joni Boow,doctor,93359 Scott Junction,4706027573,4920727,jboowci@ibm.com
452,Gil Ruller,doctor,799 Dunning Lane,2187048913,4012126,grullercj@constantcontact.com
453,Mirella Leyrroyd,doctor,77 5th Center,3171911580,1259821,mleyrroydck@shinystat.com
454,Ludovika Base,doctor,411 Northview Avenue,1298430170,1280420,lbasecl@creativecommons.org
455,Iain Chace,admin,43318 Talmadge Trail,3436070214,7519222,ichacecm@gravatar.com
456,Corliss Di Iorio,doctor,638 Glacier Hill Drive,3391649182,1564580,cdicn@arizona.edu
457,Alysa Kerrod,doctor,14 Eastlawn Drive,4286335561,7562473,akerrodco@microsoft.com
458,Barde Paulusch,doctor,56 Chive Drive,5104525220,3745412,bpauluschcp@ucoz.ru
459,Bill Bankes,admin,713 Walton Drive,7875289914,7044521,bbankescq@pbs.org
460,Gustave Lezemere,doctor,77839 Mariners Cove Crossing,6525373296,3992499,glezemerecr@vimeo.com
461,Kylie Duerdin,tech,10821 Warner Circle,8918625349,8654543,kduerdincs@plala.or.jp
462,Laure Feldbrin,admin,49910 Oriole Avenue,9139214856,8622650,lfeldbrinct@cpanel.net
463,Trevar Sandom,admin,3 Lien Crossing,9702000593,1389232,tsandomcu@mlb.com
464,Lilah Maylam,doctor,2 Surrey Terrace,8743523173,4170237,lmaylamcv@networkadvertising.org
465,Gypsy Judron,admin,25273 Farwell Road,3258958563,2177770,gjudroncw@weibo.com
466,Nigel Loche,doctor,489 Badeau Court,2828697067,1492913,nlochecx@purevolume.com
467,Cesar Steddall,doctor,0 Elka Lane,5911709557,3617637,csteddallcy@timesonline.co.uk
468,Merilyn Darmody,admin,182 Mallory Avenue,9549804003,4601268,mdarmodycz@ed.gov
469,Bernarr Dunnico,doctor,457 Pankratz Terrace,7521836439,5978921,bdunnicod0@techcrunch.com
470,Drusie Alps,admin,5358 Washington Junction,1501916602,7315127,dalpsd1@elpais.com
471,Cecily Siggin,doctor,15084 Chinook Drive,2301207999,5423645,csiggind2@disqus.com
472,Zachery Brear,doctor,77696 Burning Wood Hill,2852926292,6396544,zbreard3@cisco.com
473,Gaspar Bedson,doctor,920 Fallview Park,2007671137,9991820,gbedsond4@salon.com
474,Drusy Meindl,doctor,08240 Little Fleur Point,8418527216,8124890,dmeindld5@webmd.com
475,Ivory Eggins,doctor,410 Dottie Junction,5813019334,2597225,iegginsd6@oaic.gov.au
476,Aurelia Mortell,doctor,33417 Prairie Rose Point,3128001225,6208917,amortelld7@cloudflare.com
477,Dallon Cliss,doctor,6854 Sherman Alley,8615182925,1008098,dclissd8@vinaora.com
478,Marlena Perrigo,doctor,09883 Veith Way,6233919552,1589213,mperrigod9@163.com
479,Rufe Kenyam,doctor,25919 Dwight Street,2997397609,5722369,rkenyamda@rakuten.co.jp
480,Reggi Stratz,doctor,91 North Trail,8848715917,7610139,rstratzdb@bloglovin.com
481,Boyd Cod,doctor,53 Golf View Drive,9466079737,1970250,bcoddc@comsenz.com
482,Adrienne Sedworth,doctor,548 Morning Parkway,3363824631,7843253,asedworthdd@fastcompany.com
483,Nathalia Shapiro,doctor,905 Goodland Parkway,8758732261,5120045,nshapirode@businessweek.com
484,Bridie Shermar,tech,485 Mockingbird Trail,2788397796,7763497,bshermardf@hao123.com
485,Annamarie Rikard,doctor,4843 Straubel Alley,4239390445,9468920,arikarddg@hugedomains.com
486,Grayce Salsbury,tech,19215 4th Plaza,8197952840,2361439,gsalsburydh@wunderground.com
487,Laina Knatt,doctor,8222 Butternut Avenue,6057935445,6265525,lknattdi@eepurl.com
488,Ringo Drewett,doctor,09 Ronald Regan Drive,4889257569,8874716,rdrewettdj@bbc.co.uk
489,Federica Gethings,doctor,3643 Dryden Trail,4444366356,3586033,fgethingsdk@dagondesign.com
490,Farica Fernan,doctor,9 Fieldstone Hill,8065535745,3428532,ffernandl@walmart.com
491,Donelle Rapo,doctor,14 Bay Hill,8006533759,1974059,drapodm@chicagotribune.com
492,Betsey Bowne,admin,924 Sachtjen Junction,1725494624,3193465,bbownedn@arizona.edu
493,Gerda Pichan,doctor,1 Loeprich Crossing,5949736947,6944749,gpichando@cloudflare.com
494,Brenn Hallowell,doctor,87 Arizona Parkway,7783262461,2517511,bhallowelldp@cnbc.com
495,Halsey Featherby,doctor,69190 Gina Avenue,2173014538,1082869,hfeatherbydq@ftc.gov
496,Steffi Wisden,doctor,37 Lake View Park,1823959612,4395574,swisdendr@ucoz.com
497,Ammamaria Longland,doctor,4 Lerdahl Pass,6239242337,3360420,alonglandds@i2i.jp
498,Leontine Matousek,tech,35 Scofield Parkway,5226965274,5167423,lmatousekdt@abc.net.au
499,Sherrie Ray,doctor,62639 Clyde Gallagher Alley,7192161015,8291858,sraydu@webmd.com
500,Donni Surgeoner,doctor,02206 Village Green Road,3521337595,5175230,dsurgeonerdv@jigsy.com
501,Koo Vanacci,tech,597 Buell Circle,3968950640,4349218,kvanaccidw@com.com
502,Brod Grier,tech,76 Evergreen Trail,8849729805,9496154,bgrierdx@gmpg.org
503,Lem Grancher,doctor,066 Golf Course Point,9755380613,9763835,lgrancherdy@illinois.edu
504,Gasper Rounds,doctor,695 Menomonie Trail,6439183692,7679079,groundsdz@pbs.org
505,Rooney Thorius,doctor,8 Westerfield Court,8162033870,5339474,rthoriuse0@reuters.com
506,Shandee Bruyett,doctor,252 Charing Cross Point,9868430394,4725073,sbruyette1@mediafire.com
507,Marylin Eick,doctor,93 Moose Circle,2797548430,4165842,meicke2@howstuffworks.com
508,Hilliard Dargue,doctor,32 Independence Junction,4792476072,2276695,hdarguee3@cam.ac.uk
509,Idelle Steljes,doctor,85385 Straubel Junction,3934834757,7388806,isteljese4@4shared.com
510,Stella Farry,doctor,7 Summit Plaza,6431539058,6249304,sfarrye5@shutterfly.com
511,Alayne Kruschov,tech,562 Hintze Pass,6196804600,5235788,akruschove6@ihg.com
512,Cristen Southall,doctor,2081 Barby Terrace,2293180592,7055602,csouthalle7@pbs.org
513,Terry Durdy,doctor,3227 Pearson Alley,6638075750,5464869,tdurdye8@wsj.com
514,Alexine Fuzzey,doctor,690 Evergreen Lane,3807804119,1505478,afuzzeye9@ycombinator.com
515,Sherie Beldon,admin,8641 Bunting Place,8369195207,2804459,sbeldonea@acquirethisname.com
516,Karalynn Ather,doctor,23200 Acker Alley,3316467895,3202965,kathereb@skype.com
517,Russ Mulliner,doctor,46 John Wall Place,2547825071,7167237,rmullinerec@kickstarter.com
518,Shermy Barthorpe,doctor,00151 Caliangt Drive,8845215002,1998141,sbarthorpeed@soundcloud.com
519,Smith Dwyer,doctor,71977 Havey Parkway,1816834535,2072389,sdwyeree@twitter.com
520,Maurene Jerrim,doctor,130 Lakeland Trail,9869214767,2558891,mjerrimef@imageshack.us
521,Gilberte Goodsal,doctor,15 Banding Center,6797523679,2655436,ggoodsaleg@japanpost.jp
522,Constantino Hartburn,doctor,171 Wayridge Place,5545692723,2932063,chartburneh@yahoo.com
523,Ronny Soigoux,doctor,05 Petterle Court,8572610224,9618702,rsoigouxei@comcast.net
524,Maryjane Blazi,doctor,075 Pawling Drive,1615203747,7328368,mblaziej@meetup.com
525,Fenelia Ellin,doctor,5990 Dwight Way,1602335488,8609176,fellinek@pinterest.com
526,Samuel Jovovic,doctor,53 Banding Street,2077446209,5958363,sjovovicel@mysql.com
527,Leodora Montague,doctor,027 Monument Trail,4715485922,6875368,lmontagueem@gmpg.org
528,Margaux Hounihan,tech,20 Kennedy Junction,3484234105,7229416,mhounihanen@apple.com
529,Murdoch Keeffe,doctor,8251 Superior Avenue,4875528482,8928146,mkeeffeeo@sun.com
530,Jennifer Bratchell,admin,8 School Hill,6973162793,4249826,jbratchellep@i2i.jp
531,Jarret Bagenal,doctor,599 Vernon Trail,1814726828,8443245,jbagenaleq@google.nl
532,Ludvig Kirvin,doctor,98218 Bonner Alley,4486535365,8908093,lkirviner@vistaprint.com
533,Annadiana Simpkin,doctor,01 Lindbergh Terrace,3344700695,1459809,asimpkines@bluehost.com
534,Otis Satchell,doctor,35293 Moland Hill,5412562561,6559075,osatchellet@163.com
535,Lebbie Spain,doctor,9 Logan Pass,3484123552,3596890,lspaineu@posterous.com
536,Chic Streat,doctor,99363 Charing Cross Pass,8216036773,1092244,cstreatev@mediafire.com
537,Asher Mordey,doctor,85483 Coleman Crossing,1986892425,3360062,amordeyew@barnesandnoble.com
538,Emmalee Callaway,doctor,96 Florence Terrace,2926963869,3702950,ecallawayex@wunderground.com
539,Zach Attarge,doctor,41680 Parkside Avenue,7612747695,4997612,zattargeey@ft.com
540,Gisella Quennell,doctor,635 Aberg Avenue,4439603904,5633639,gquennellez@merriam-webster.com
541,Con Henriques,doctor,231 Gateway Hill,1909055531,1934462,chenriquesf0@jiathis.com
542,Tammy Charkham,admin,4578 Vernon Trail,5965744744,3795210,tcharkhamf1@meetup.com
543,Beltran Brehaut,doctor,9 Hazelcrest Pass,3085968042,2123811,bbrehautf2@list-manage.com
544,Maxwell Vasiliu,doctor,2205 Saint Paul Parkway,7067777185,3304371,mvasiliuf3@sourceforge.net
545,Georgianne Colleck,doctor,0 Gateway Hill,7082848184,6490140,gcolleckf4@cocolog-nifty.com
546,Rice Pruce,doctor,36099 Morning Trail,6959230208,4413576,rprucef5@bloglovin.com
547,Ana Petworth,admin,3011 West Junction,8806014301,4985854,apetworthf6@columbia.edu
548,Thane Kitchingman,doctor,50 Shoshone Parkway,5453252115,1595775,tkitchingmanf7@mashable.com
549,Yalonda Vakhlov,tech,6537 Hallows Pass,3622115922,8740629,yvakhlovf8@quantcast.com
550,Bendix McGeraghty,doctor,980 Summit Way,7158322362,8283203,bmcgeraghtyf9@t-online.de
551,Amalie Thurling,doctor,9854 Hoard Plaza,3129880017,6897922,athurlingfa@narod.ru
552,Karla Petrovykh,tech,7 Morningstar Center,9679713848,5452487,kpetrovykhfb@wufoo.com
553,Walliw Shalliker,doctor,29634 Bobwhite Court,5432645868,2399928,wshallikerfc@friendfeed.com
554,Bartlet Shimmings,doctor,436 Sullivan Road,7641032343,5190716,bshimmingsfd@aol.com
555,Philippa Glenn,doctor,85 Raven Park,4685265911,5624286,pglennfe@t.co
556,Sergeant Tudor,doctor,725 Washington Drive,6897587879,3226076,studorff@miitbeian.gov.cn
557,Raphaela O'Farris,admin,22502 West Hill,5907059491,9741059,rofarrisfg@va.gov
558,Parrnell Byre,doctor,1 Marquette Park,1909902098,5572946,pbyrefh@craigslist.org
559,Cornie Jancy,doctor,5434 Farragut Pass,9524572186,8997675,cjancyfi@domainmarket.com
560,Man Vittel,admin,6509 Heffernan Court,5449905190,9452022,mvittelfj@nbcnews.com
561,Bearnard Blackham,doctor,155 Anhalt Street,8404403558,9816608,bblackhamfk@google.it
562,Cherilyn Kislingbury,admin,99 Hoffman Avenue,2933505395,9743118,ckislingburyfl@harvard.edu
563,Cathee Bendall,doctor,271 Dorton Road,6611564411,3387079,cbendallfm@fastcompany.com
564,Daisy Benedetti,doctor,1 Boyd Alley,4709347133,1804833,dbenedettifn@surveymonkey.com
565,Joy Hutchence,tech,186 Lillian Parkway,4139848415,7301723,jhutchencefo@artisteer.com
566,Zonda Shears,doctor,726 Anniversary Point,3526192148,6190413,zshearsfp@histats.com
567,Laurie Biggin,doctor,092 Gulseth Plaza,6331287494,9675947,lbigginfq@seattletimes.com
568,Emelina Horsted,doctor,78 Bultman Alley,6339890029,2168255,ehorstedfr@nifty.com
569,Lorry Lavis,doctor,1 Sage Point,7103649483,6768720,llavisfs@independent.co.uk
570,Goober Stanman,doctor,87 Sundown Court,4788412496,1427820,gstanmanft@shinystat.com
571,Augustin Egger,doctor,1467 Anhalt Avenue,4626168440,5102487,aeggerfu@symantec.com
572,Haywood Bilney,doctor,970 Crowley Trail,5856585659,5392327,hbilneyfv@thetimes.co.uk
573,Gilberte Gibbard,doctor,9 Sutherland Point,9877251744,5627983,ggibbardfw@newyorker.com
574,Bayard Culley,doctor,983 Manley Trail,3119855460,5687434,bculleyfx@marketwatch.com
575,Isac Tellenbrok,doctor,33 1st Point,8556967686,7790818,itellenbrokfy@slate.com
576,Rem Starmont,doctor,07 Holmberg Hill,8813566327,3603090,rstarmontfz@ameblo.jp
577,Bamby Milington,admin,542 Shoshone Crossing,9738903410,9113551,bmilingtong0@nydailynews.com
578,Husein Sloley,admin,33847 Sachtjen Junction,9909617908,2714662,hsloleyg1@nps.gov
579,Ula Bessent,tech,205 Troy Hill,3546906587,3747153,ubessentg2@indiegogo.com
580,Gavin Berkowitz,doctor,7210 Cherokee Crossing,4171120285,7721804,gberkowitzg3@last.fm
581,Frederich Quantrill,doctor,55514 Dwight Crossing,2467997855,7765002,fquantrillg4@unesco.org
582,Haze McCartan,doctor,26448 Leroy Avenue,8167663713,2958640,hmccartang5@clickbank.net
583,Gabriell Presser,doctor,941 Esch Center,5389847061,5312355,gpresserg6@domainmarket.com
584,Jo Kettel,doctor,07196 Village Way,7992295395,2598338,jkettelg7@columbia.edu
585,Normie Laguerre,doctor,8 Ridge Oak Parkway,4955378714,3097762,nlaguerreg8@nsw.gov.au
586,Thaddeus Walford,doctor,1998 Shopko Way,3785388848,9870119,twalfordg9@epa.gov
587,Amargo Drew,doctor,952 Duke Court,3579929160,7530334,adrewga@bizjournals.com
588,Lizette Aspling,doctor,78272 Stuart Road,1911123011,8451824,lasplinggb@princeton.edu
589,Giovanna Wolfit,admin,5 Valley Edge Point,3657759017,4419576,gwolfitgc@dion.ne.jp
590,Jeramie Callaghan,doctor,66 Karstens Street,6459019096,9489349,jcallaghangd@icq.com
591,Terra Teideman,doctor,53 Atwood Junction,8511270366,2575827,tteidemange@ucoz.ru
592,Benedict Moreman,admin,38 Dryden Terrace,4866380844,5070008,bmoremangf@nps.gov
593,Romola McCrum,doctor,43 Kim Court,3284445351,9302058,rmccrumgg@feedburner.com
594,Agatha Kimberley,doctor,7 Lakewood Gardens Plaza,8575323578,5644157,akimberleygh@opera.com
595,Maurine Tierney,doctor,33272 Tomscot Plaza,5828733321,3153920,mtierneygi@ask.com
596,Josselyn Samudio,doctor,6905 Twin Pines Crossing,6876777917,6587626,jsamudiogj@vinaora.com
597,Rourke Pietzner,admin,972 Valley Edge Terrace,2436946579,6764359,rpietznergk@slideshare.net
598,Jerri Macbeth,doctor,961 Redwing Parkway,9614437397,3141013,jmacbethgl@wunderground.com
599,Wallie Fyldes,doctor,8 Mandrake Circle,5977964224,7278548,wfyldesgm@myspace.com
600,Mae Bilbrook,doctor,072 Summit Crossing,7962168140,8596507,mbilbrookgn@weebly.com
601,Angie Giovanitti,doctor,531 Blue Bill Park Lane,7389879086,2074233,agiovanittigo@zimbio.com
602,Elianora Smalles,tech,26426 Mesta Hill,2335738521,1272967,esmallesgp@blogs.com
603,Devina Weatherill,tech,661 Elka Junction,9397734482,4314871,dweatherillgq@hatena.ne.jp
604,Antonina Moyse,admin,0614 Esker Park,6518165471,9886402,amoysegr@instagram.com
605,Walsh Whitwham,doctor,51 Fallview Crossing,4016575255,2378184,wwhitwhamgs@t.co
606,Calvin Davison,doctor,2215 Village Hill,2144765919,5864103,cdavisongt@uol.com.br
607,Maximilian Kaley,tech,6590 Park Meadow Trail,3207478692,3732698,mkaleygu@i2i.jp
608,Ansley Cavill,doctor,65002 Anthes Place,6385716401,1863658,acavillgv@slate.com
609,Birgit Thormwell,doctor,06442 Lindbergh Alley,8609602706,9255602,bthormwellgw@meetup.com
610,Alwyn Boyle,doctor,031 Hallows Hill,9549239934,7340131,aboylegx@hhs.gov
611,Pavia Gilbeart,doctor,9581 Dapin Avenue,4207887254,9573952,pgilbeartgy@indiatimes.com
612,Murielle Covely,tech,62457 Division Road,3776943002,4940187,mcovelygz@businessinsider.com
613,Nicolais Podbury,doctor,82 Scoville Center,1267434761,3380873,npodburyh0@marketwatch.com
614,Bink Standbridge,tech,0 Kim Pass,1919173117,3697228,bstandbridgeh1@skyrock.com
615,Templeton Taunton,doctor,24 Maple Wood Parkway,7398142299,1725570,ttauntonh2@google.fr
616,Keefe Waterstone,doctor,7 Leroy Court,8369581546,1114038,kwaterstoneh3@about.me
617,Morrie Bourges,doctor,46 Hanson Point,6421323969,1835043,mbourgesh4@netscape.com
618,Joellen Carpenter,doctor,9 Forest Run Plaza,7825309855,8343693,jcarpenterh5@cbsnews.com
619,Audrey Potkin,doctor,1083 Veith Lane,3407284215,5417613,apotkinh6@hugedomains.com
620,Armin Jopling,doctor,1192 Bartillon Park,8353115711,9407844,ajoplingh7@theguardian.com
621,Margareta Milsom,doctor,7220 Acker Center,7584518381,4824915,mmilsomh8@ezinearticles.com
622,Wendy Antcliffe,admin,17933 Becker Way,3393352981,7421113,wantcliffeh9@cisco.com
623,Gwynne Judd,doctor,94 Badeau Point,2799643116,7640850,gjuddha@barnesandnoble.com
624,Meagan Mulhill,doctor,017 Rockefeller Trail,4011020680,5949248,mmulhillhb@cdbaby.com
625,Prue Ridler,doctor,108 Susan Parkway,5947215772,5679607,pridlerhc@techcrunch.com
626,Charlene Drayn,doctor,619 Pond Court,9949419728,1271704,cdraynhd@whitehouse.gov
627,Deonne Bourdel,doctor,9 Oriole Hill,9674587566,3532571,dbourdelhe@cargocollective.com
628,Radcliffe Cabane,doctor,7247 Blackbird Center,1076402646,1226290,rcabanehf@infoseek.co.jp
629,Natalya Boffey,admin,33421 Riverside Pass,5258074396,8652814,nboffeyhg@tumblr.com
630,Sandy Corradi,doctor,7675 Blackbird Park,6783758036,9100373,scorradihh@bing.com
631,Dallis Asprey,doctor,938 Rigney Place,8448167774,7556288,daspreyhi@house.gov
632,Andriette Brownsea,doctor,9 Briar Crest Lane,8552712246,6385528,abrownseahj@blogs.com
633,Abran Dubbin,doctor,22 West Drive,8576747327,8733736,adubbinhk@1und1.de
634,Idalia Poundsford,doctor,77 Center Circle,7137315523,3617218,ipoundsfordhl@theguardian.com
635,Barbabra Burry,doctor,56800 Grayhawk Center,6429337110,5823190,bburryhm@yolasite.com
636,Eartha Measor,doctor,901 Merrick Hill,4538649813,4468846,emeasorhn@cnbc.com
637,Hayyim Paris,doctor,84 Cody Avenue,2856797775,2181217,hparisho@networkadvertising.org
638,Ekaterina De Carteret,doctor,5 Anniversary Terrace,4651021952,3220265,edehp@google.fr
639,Philomena Rizzardini,doctor,75423 Mosinee Center,9306157556,1857573,prizzardinihq@berkeley.edu
640,Cherin Charrett,doctor,30 Old Gate Hill,1058229260,4440577,ccharretthr@cbslocal.com
641,Ami Embery,tech,0 Lerdahl Center,3392394960,8999462,aemberyhs@youtu.be
642,Damien Cargo,admin,02838 Mosinee Trail,5547514360,8240636,dcargoht@columbia.edu
643,Daryle Strodder,doctor,1260 Carey Way,5622630025,7754882,dstrodderhu@imgur.com
644,Stanfield Emmanueli,doctor,3328 Mallard Avenue,5526899357,4934218,semmanuelihv@example.com
645,Jobey Picot,doctor,3590 Harbort Plaza,1334301299,4238801,jpicothw@github.io
646,Aryn De Biasi,doctor,28973 Golden Leaf Road,8273492330,8211993,adehx@ftc.gov
647,Cordey Axleby,doctor,41714 Crownhardt Point,1227789109,3512402,caxlebyhy@latimes.com
648,Elwira Shillabear,doctor,4 Forest Run Way,9305445268,7076388,eshillabearhz@imageshack.us
649,Ag Bartelet,doctor,57614 Reindahl Alley,5042422665,7038082,abarteleti0@de.vu
650,Wyatan Swinburne,doctor,9 Debra Circle,2114509177,3580577,wswinburnei1@about.me
651,Kasper Halfhide,doctor,4300 Anzinger Terrace,8829572357,3416794,khalfhidei2@bing.com
652,Harcourt Reyes,doctor,28 Acker Park,6502887405,3861345,hreyesi3@fastcompany.com
653,Cad Crummay,doctor,5649 Lyons Trail,4256338171,1471225,ccrummayi4@theatlantic.com
654,Marten Grice,admin,379 Lakeland Way,1463824490,7884730,mgricei5@nature.com
655,Elden Knappitt,tech,9963 Milwaukee Lane,4092565518,8301314,eknappitti6@ox.ac.uk
656,Cal Pidgen,doctor,2368 Hagan Parkway,7236661973,9601092,cpidgeni7@issuu.com
657,Nehemiah Alabaster,doctor,96 Toban Street,4294239475,8180069,nalabasteri8@example.com
658,Ardelis McAnulty,doctor,8 Prairieview Alley,5595451432,2217085,amcanultyi9@state.tx.us
659,Willdon Lathey,admin,09 Melody Park,7128302922,7108608,wlatheyia@unblog.fr
660,Sosanna Salaman,doctor,7718 Sauthoff Place,7746797547,9926093,ssalamanib@phoca.cz
661,Lilah Winterborne,doctor,91 Scoville Parkway,7637857274,4681358,lwinterborneic@amazon.co.uk
662,Saidee Acock,doctor,57782 Butternut Way,7453504642,8008391,sacockid@ft.com
663,Nerita Tetlow,doctor,22 Iowa Place,7939234654,8891428,ntetlowie@mac.com
664,Colman Probat,doctor,5 Green Terrace,9586087637,1951116,cprobatif@linkedin.com
665,Clarabelle Benson,admin,12 Scoville Trail,1716467123,6410997,cbensonig@jugem.jp
666,Janella Cavill,doctor,50857 Myrtle Avenue,4706838881,6587187,jcavillih@people.com.cn
667,Marris Faulo,tech,75 Onsgard Road,9383364551,5283971,mfauloii@ask.com
668,Halsey Aspden,tech,4644 Park Meadow Avenue,5389833851,6609079,haspdenij@wix.com
669,Clifford Vasquez,tech,279 Leroy Plaza,5381487528,7589966,cvasquezik@shareasale.com
670,Carma Ginnety,doctor,294 Logan Avenue,6808412640,4467859,cginnetyil@prweb.com
671,Cyndy Galier,doctor,314 Moland Avenue,4994365446,8283237,cgalierim@reuters.com
672,Dorelia Greensitt,doctor,2 Sugar Drive,3231811429,8230318,dgreensittin@free.fr
673,Avivah Casement,doctor,546 Mendota Alley,6272567142,5567600,acasementio@businessweek.com
674,Siusan Purcell,doctor,14352 Ridgeview Terrace,2061653295,7507282,spurcellip@narod.ru
675,Aldrich Pimley,doctor,4554 Evergreen Way,3988893044,1028321,apimleyiq@prlog.org
676,Sindee Pettecrew,admin,83769 Westend Plaza,7731000394,5691502,spettecrewir@zdnet.com
677,Ileane Torresi,doctor,678 Utah Court,8326099007,8018574,itorresiis@sfgate.com
678,Isidro Barlace,tech,1215 Erie Center,1903665054,5083888,ibarlaceit@sbwire.com
679,Margo Viant,doctor,8194 Independence Terrace,9974276800,4542135,mviantiu@flavors.me
680,Burl Thornton,doctor,147 Amoth Parkway,4925452337,2605108,bthorntoniv@icio.us
681,Gran Bracci,tech,78868 Lakewood Gardens Lane,5558756175,4844728,gbracciiw@1und1.de
682,Augustina Serraillier,admin,397 Golf Course Point,5208091189,8066867,aserraillierix@free.fr
683,Judy Aldin,doctor,8 Bobwhite Park,4737416947,2841978,jaldiniy@skyrock.com
684,Nap Cocking,doctor,7313 Orin Park,7805699746,1970584,ncockingiz@jugem.jp
685,Brittany Outerbridge,tech,2 Hollow Ridge Lane,6025882660,8858545,bouterbridgej0@who.int
686,June Snedker,doctor,54 Independence Circle,8675817017,4501974,jsnedkerj1@joomla.org
687,Bink Le Estut,doctor,67033 Knutson Hill,5058557019,6028892,blej2@smh.com.au
688,Chaddy Blaver,doctor,322 Milwaukee Place,4752194778,3534235,cblaverj3@imageshack.us
689,Adoree Robelow,doctor,05610 Mockingbird Street,3677517283,2046730,arobelowj4@narod.ru
690,Charlie Lidgate,doctor,222 Barnett Park,3721808390,9692845,clidgatej5@amazon.com
691,Davida Macklam,doctor,52134 Reindahl Court,4559293838,7584654,dmacklamj6@redcross.org
692,Any Darrel,doctor,02 Eggendart Point,8213541717,5057920,adarrelj7@nationalgeographic.com
693,Estrella Grent,doctor,4617 Eliot Plaza,5131628647,3147351,egrentj8@unc.edu
694,Vidovik Founds,doctor,30 Norway Maple Place,3341717023,1715475,vfoundsj9@diigo.com
695,Dylan Wibrew,tech,499 Grayhawk Way,9868551791,3936957,dwibrewja@gravatar.com
696,Winny Itzcovichch,doctor,199 Corry Road,3831247705,3119127,witzcovichchjb@washington.edu
697,Albert Gullefant,tech,53 Anhalt Parkway,5396713868,5320348,agullefantjc@amazonaws.com
698,Arthur Gunda,doctor,8692 Sachtjen Drive,8378383395,3440238,agundajd@mtv.com
699,Robena Lucio,admin,74 Arizona Park,7575272411,8851337,rlucioje@paginegialle.it
700,Giorgia Hacun,admin,35 Jenna Court,9095050800,4911066,ghacunjf@epa.gov
701,Aubree Scargle,doctor,246 Green Ridge Crossing,3419852669,3900306,ascarglejg@marriott.com
702,Natalina Couling,admin,9283 Stuart Alley,7467721860,9536815,ncoulingjh@xrea.com
703,Olag Pyett,doctor,38 Bashford Terrace,8073955987,2991897,opyettji@imageshack.us
704,Aubrey Dunsire,admin,95026 Loeprich Court,3875150121,7445665,adunsirejj@alexa.com
705,Tarrance Scurlock,doctor,0 Lighthouse Bay Road,4824547299,9546902,tscurlockjk@artisteer.com
706,Hurley Milne,admin,76 Lake View Plaza,7766251527,7140226,hmilnejl@harvard.edu
707,Cristal Balding,doctor,64976 Barby Center,7635351783,5950731,cbaldingjm@wikimedia.org
708,Raffaello Aleksidze,doctor,88904 Grover Crossing,1102770586,6066072,raleksidzejn@feedburner.com
709,Pattie Wyne,doctor,4 Acker Point,7242773992,9662017,pwynejo@latimes.com
710,Blisse Heater,doctor,4577 Doe Crossing Crossing,3969025767,2151744,bheaterjp@slideshare.net
711,Rowland Delves,admin,6011 Russell Pass,9485254377,1538462,rdelvesjq@angelfire.com
712,Mikkel Harford,doctor,6 Sycamore Way,7819781945,1076604,mharfordjr@foxnews.com
713,Lianne Connue,admin,21464 Hovde Circle,5351901885,4462952,lconnuejs@nhs.uk
714,Lorrayne Rickhuss,doctor,31700 Carey Drive,4686171104,7520533,lrickhussjt@vistaprint.com
715,Janifer Feltham,doctor,3247 Oak Valley Court,6141058408,8666443,jfelthamju@army.mil
716,Velma Westphalen,doctor,0472 Sachs Alley,7028375892,7378534,vwestphalenjv@marketwatch.com
717,Joline Brooker,admin,94639 Erie Junction,9938632574,8939669,jbrookerjw@163.com
718,Mayor Swayland,doctor,7 Fordem Park,8163313587,3760654,mswaylandjx@timesonline.co.uk
719,Corey Antonazzi,tech,1 Continental Circle,2574003959,1504299,cantonazzijy@wikia.com
720,Linda Blain,doctor,89 Nova Drive,8862138344,9458820,lblainjz@google.es
721,Tedmund Burlay,admin,3 Shasta Hill,5767270405,3675346,tburlayk0@businessweek.com
722,Margarethe Dalley,admin,8 Rieder Hill,9952111995,5706075,mdalleyk1@bravesites.com
723,Edwin Writtle,doctor,375 Roth Lane,6265058206,1944760,ewrittlek2@ox.ac.uk
724,Luigi Legonidec,doctor,54 Troy Avenue,9742047190,5762504,llegonideck3@indiatimes.com
725,Jedediah Bartunek,doctor,80 Tennyson Terrace,2644452874,2288711,jbartunekk4@jimdo.com
726,Siusan Camacke,doctor,7020 Jenifer Place,1311405456,6936944,scamackek5@gov.uk
727,Verla Brechin,doctor,6 Parkside Way,9354516709,4099285,vbrechink6@deviantart.com
728,Ambrosius Beaston,doctor,7 Vermont Terrace,4468767142,7350910,abeastonk7@pen.io
729,Margalo Zorzini,doctor,968 Gerald Pass,7277387126,5587655,mzorzinik8@state.gov
730,Nolana Gilpillan,admin,01042 Division Place,2658551493,6760006,ngilpillank9@pinterest.com
731,Griffie Chatres,doctor,47 Onsgard Avenue,1159641471,7408986,gchatreska@mail.ru
732,Gunner Sheepy,doctor,03459 Talmadge Road,4767200371,3283838,gsheepykb@japanpost.jp
733,Lenora Dadds,admin,15 Barnett Road,7565615302,2191632,ldaddskc@japanpost.jp
734,Delainey Giorgetti,doctor,1 Donald Circle,9286092157,5185391,dgiorgettikd@macromedia.com
735,Karil Dyton,tech,11017 Messerschmidt Terrace,3996359245,9916642,kdytonke@prlog.org
736,Colene Dulwitch,doctor,8 Everett Hill,9119600316,3215560,cdulwitchkf@taobao.com
737,Lin Maslen,admin,0 Donald Point,9301931312,9968056,lmaslenkg@pinterest.com
738,Elmo Beaty,doctor,99407 Transport Pass,2331843894,9146288,ebeatykh@amazon.de
739,Vergil Cooling,doctor,70522 Mccormick Center,1913785101,1640530,vcoolingki@wufoo.com
740,Margy Jobb,doctor,360 Old Shore Circle,2518692122,2297831,mjobbkj@macromedia.com
741,Fitzgerald McIlmorow,doctor,9439 Messerschmidt Center,5095500705,9681708,fmcilmorowkk@hatena.ne.jp
742,Shane Kesey,doctor,8 Mesta Hill,6988982076,9263650,skeseykl@google.com.au
743,Linn Henrot,doctor,3023 Nova Plaza,4903127013,3176184,lhenrotkm@instagram.com
744,Shelley Torricella,doctor,58 Norway Maple Center,9741422371,8091926,storricellakn@samsung.com
745,Shaun Greenman,doctor,68 Monument Circle,2795695253,4010695,sgreenmanko@admin.ch
746,Madeleine Bloxam,doctor,3496 Kipling Pass,3408011664,6100242,mbloxamkp@ucsd.edu
747,Loria Scuse,admin,091 Crowley Court,1403378799,9456009,lscusekq@trellian.com
748,Harvey Barnewelle,doctor,518 Mariners Cove Point,8556190893,3575401,hbarnewellekr@free.fr
749,Libbie Szymoni,doctor,19 Springs Hill,8536843365,1596883,lszymoniks@ucla.edu
750,Elicia Wannan,doctor,551 Merrick Park,6655643115,9487842,ewannankt@scribd.com
751,Eydie Raw,doctor,373 Eastlawn Court,2161009541,7072593,erawku@squidoo.com
752,Adrianna Horlick,doctor,85 Lukken Plaza,3266045608,8206954,ahorlickkv@weather.com
753,Lewiss Duley,doctor,23608 Riverside Point,1799932638,8236354,lduleykw@mashable.com
754,Clyde Shooter,doctor,5921 Drewry Terrace,6387366812,7439553,cshooterkx@1und1.de
755,Rosella Linnemann,doctor,543 Lighthouse Bay Junction,6829663326,6943693,rlinnemannky@mac.com
756,Othilia Dendle,doctor,783 Canary Alley,9607063284,7183051,odendlekz@pagesperso-orange.fr
757,Heath Battams,tech,79 Surrey Avenue,1123251433,4887034,hbattamsl0@cnet.com
758,Keelia Strathman,admin,2 Ryan Circle,8227308939,4700426,kstrathmanl1@bandcamp.com
759,Bruis Tembridge,admin,558 Little Fleur Place,6789260028,2955932,btembridgel2@sfgate.com
760,Ced Boarder,doctor,83364 Dwight Point,5927728501,7519257,cboarderl3@dot.gov
761,Gilberte Corneille,admin,9 Vera Trail,5975388267,2199101,gcorneillel4@weibo.com
762,Tim Proud,doctor,2923 Cordelia Parkway,1828534062,9692943,tproudl5@quantcast.com
763,Ediva Huyche,doctor,53385 Forest Dale Pass,2857902717,3761988,ehuychel6@sitemeter.com
764,Hatty Ganning,doctor,24 Merchant Point,7598679177,6323026,hganningl7@bigcartel.com
765,Ewell Ivanikhin,doctor,973 Menomonie Crossing,8606788444,5208478,eivanikhinl8@wsj.com
766,Miranda Leggon,doctor,4095 Nova Way,6613920608,7789584,mleggonl9@hubpages.com
767,Nathanial Alen,doctor,1670 Kingsford Plaza,7158544116,2199401,nalenla@disqus.com
768,Ulrica Farnhill,doctor,51 Kim Park,6807518247,7511754,ufarnhilllb@yelp.com
769,Gretta Faulkes,doctor,382 Bluejay Crossing,6566512329,4962721,gfaulkeslc@tiny.cc
770,Thorsten Bette,doctor,6 Grim Alley,8575377781,6431398,tbetteld@census.gov
771,Pepito Ferreri,doctor,0800 Kenwood Drive,5221918642,6588378,pferrerile@omniture.com
772,Harald Gelland,doctor,48 Hovde Drive,5458461060,1336383,hgellandlf@sina.com.cn
773,Pacorro Wolverson,doctor,78 Crownhardt Road,5695999002,2715074,pwolversonlg@china.com.cn
774,Curtis Skayman,tech,2 Ryan Junction,1021669118,6875628,cskaymanlh@ca.gov
775,Conrade Sexcey,tech,1 Stang Parkway,9462968595,3133127,csexceyli@histats.com
776,Binni Keyzman,doctor,45 American Ash Parkway,8853858020,2214404,bkeyzmanlj@hugedomains.com
777,Reed Lutton,doctor,878 Hayes Pass,7754743627,8429749,rluttonlk@xing.com
778,Ashly Chandlar,doctor,206 Rutledge Park,1377233521,7937732,achandlarll@constantcontact.com
779,Bruis Fitzer,doctor,648 Monument Point,9791524810,2542959,bfitzerlm@w3.org
780,Marlo Devine,doctor,73499 Springs Junction,8395688700,5817436,mdevineln@scientificamerican.com
781,Guido Epilet,admin,2052 Ronald Regan Lane,2316386419,7918761,gepiletlo@ovh.net
782,Jacklyn Sweatman,doctor,1413 Lerdahl Way,8385516464,9097138,jsweatmanlp@networksolutions.com
783,Marilin Roach,doctor,78 Talmadge Street,7134729213,5078456,mroachlq@mtv.com
784,Stacee Quartermaine,doctor,8 Center Point,7954618834,9581039,squartermainelr@barnesandnoble.com
785,Scarlett Partkya,doctor,69 Maywood Avenue,3788246008,8945642,spartkyals@so-net.ne.jp
786,Remington Willmetts,doctor,98215 Kings Hill,1654251504,9071083,rwillmettslt@ox.ac.uk
787,Moll Prier,doctor,56 Talmadge Plaza,6108908179,9382873,mprierlu@narod.ru
788,Kristyn Mowbray,doctor,5143 Orin Crossing,9964607376,4266891,kmowbraylv@gizmodo.com
789,Max Broadberry,doctor,3 High Crossing Terrace,7327450925,8592167,mbroadberrylw@timesonline.co.uk
790,Gib Peat,doctor,214 Badeau Avenue,2286240534,4214915,gpeatlx@admin.ch
791,Jacquelyn Marsham,admin,39645 Hoffman Drive,2444435921,3204819,jmarshamly@dedecms.com
792,Roda Ablett,doctor,85053 Forster Point,2824269610,4739584,rablettlz@salon.com
793,Doe Peegrem,doctor,1 Marquette Court,3794028019,6790227,dpeegremm0@xrea.com
794,Portie Severns,doctor,9 Almo Crossing,7144176933,6567286,psevernsm1@xinhuanet.com
795,Falkner Guichard,doctor,36397 Sherman Center,3007386942,2076827,fguichardm2@java.com
796,Baird Bottby,doctor,8831 Sunbrook Circle,5188781137,4245473,bbottbym3@elegantthemes.com
797,Batsheva Sievewright,doctor,317 Ryan Place,9623116224,5936984,bsievewrightm4@shop-pro.jp
798,Davina Rolance,doctor,5 Lindbergh Alley,4345938135,6480257,drolancem5@wordpress.org
799,Rutledge Moxsom,admin,956 Eggendart Avenue,7261543273,7181731,rmoxsomm6@economist.com
800,Aldon Bracci,tech,4 Northridge Crossing,4323218169,2938104,abraccim7@google.de
801,Crawford Parnby,doctor,0 Maywood Plaza,6692180830,8540698,cparnbym8@hao123.com
802,Liv Kelsall,doctor,5 Porter Drive,2521130866,2016594,lkelsallm9@behance.net
803,Allys Stanworth,doctor,5764 Eliot Place,5798093476,9616842,astanworthma@soup.io
804,Marci Eate,doctor,005 Bluejay Road,9907344678,6610629,meatemb@china.com.cn
805,Ramon Berryann,doctor,8731 Burrows Crossing,5602650741,9356007,rberryannmc@disqus.com
806,Clarie Giffard,doctor,01745 Charing Cross Alley,7106638515,4827423,cgiffardmd@pinterest.com
807,Whitaker Rafter,doctor,54 Golf View Avenue,7199090816,7211106,wrafterme@wufoo.com
808,Ilyssa Grinin,doctor,28880 Huxley Junction,1669972802,5789958,igrininmf@cornell.edu
809,Bibi Boik,admin,87737 Cody Way,4153893831,7242415,bboikmg@miibeian.gov.cn
810,Adela Labusch,admin,0141 Delladonna Pass,8094062941,7795825,alabuschmh@opera.com
811,Marrissa Blunsen,doctor,69967 Roth Center,8111628058,8807529,mblunsenmi@yellowbook.com
812,Helaina Cadd,doctor,0 Anzinger Court,9113426364,6396848,hcaddmj@g.co
813,Claresta Keach,doctor,0 Esch Place,7697124254,8739759,ckeachmk@is.gd
814,Walsh Jachimczak,doctor,4091 Loomis Terrace,8092398425,6860672,wjachimczakml@un.org
815,Alverta Elloy,admin,5186 Trailsway Point,9113803745,6007759,aelloymm@uiuc.edu
816,Kenny Evins,doctor,50 Parkside Hill,8862338213,6904165,kevinsmn@discuz.net
817,Peirce Tullett,doctor,30 Autumn Leaf Crossing,3617871053,3520478,ptullettmo@yellowbook.com
818,Essy Begbie,doctor,1 Barby Lane,8431947039,8831041,ebegbiemp@bravesites.com
819,Marice Sissland,doctor,450 Macpherson Crossing,4098705417,7888349,msisslandmq@wiley.com
820,Christy Farrimond,tech,92 Rockefeller Junction,1122069791,5410935,cfarrimondmr@va.gov
821,Brenn Mansford,doctor,548 Pennsylvania Crossing,7507555141,1098815,bmansfordms@omniture.com
822,Samuel Klemenz,admin,784 Northwestern Alley,1792362920,7621986,sklemenzmt@utexas.edu
823,Darsey Gonsalvez,doctor,2 Mcbride Plaza,4809390209,1278122,dgonsalvezmu@fotki.com
824,Koralle Faichney,doctor,302 Arrowood Plaza,7673938597,3099228,kfaichneymv@adobe.com
825,Toni Hayhurst,doctor,0679 Fremont Junction,1641321499,6393064,thayhurstmw@over-blog.com
826,Osgood Samweyes,admin,63 Vera Alley,3535835960,7270358,osamweyesmx@is.gd
827,Hugues Cracknall,doctor,68 Rutledge Trail,1955090954,4940529,hcracknallmy@tripod.com
828,Gerald Matovic,doctor,0 Mockingbird Lane,4261230561,4457204,gmatovicmz@themeforest.net
829,Nertie Allder,doctor,14016 Duke Center,6081298285,9680368,nalldern0@jalbum.net
830,Ange Deniset,doctor,19 Del Sol Circle,1568702094,2399032,adenisetn1@chron.com
831,Sheela Margaritelli,admin,782 Fuller Junction,8349213680,9186014,smargaritellin2@gravatar.com
832,Wylma Lesor,doctor,64 Hudson Way,8253431871,4982402,wlesorn3@delicious.com
833,Kenn Rocks,admin,236 Sauthoff Drive,1322186345,8571971,krocksn4@g.co
834,Michele De Antoni,doctor,4405 Gina Center,4001097718,4695291,mden5@thetimes.co.uk
835,Michal Veal,doctor,4679 Oak Valley Alley,6287331233,4039090,mvealn6@ask.com
836,Ericka Jarnell,doctor,370 Stephen Trail,1487583052,9439200,ejarnelln7@admin.ch
837,Rochette Oyley,doctor,32 Garrison Parkway,5738865262,4379423,royleyn8@plala.or.jp
838,Fidel Minichi,doctor,831 Hayes Road,8588962371,9564316,fminichin9@over-blog.com
839,Velvet Carmont,doctor,428 Comanche Trail,4687222842,7431424,vcarmontna@illinois.edu
840,Eldon McEwen,doctor,320 Charing Cross Street,8757099095,5618638,emcewennb@theguardian.com
841,Alidia McMechan,doctor,2897 Jenna Junction,8763865257,2023047,amcmechannc@upenn.edu
842,Leonardo McMonnies,doctor,883 Fairfield Point,6238321247,5878143,lmcmonniesnd@phpbb.com
843,Aundrea Whatson,doctor,44242 Butterfield Pass,3635622839,4808719,awhatsonne@clickbank.net
844,Tate Bodsworth,admin,10528 Elmside Avenue,9771155359,5061830,tbodsworthnf@smh.com.au
845,Stefan Cleator,doctor,920 Bobwhite Court,4097062261,1924002,scleatorng@illinois.edu
846,Laney MacSherry,doctor,677 Browning Road,4396443893,6453929,lmacsherrynh@diigo.com
847,Sari Clement,doctor,4 Heath Park,2581340196,4185800,sclementni@dagondesign.com
848,Tandie Firks,tech,28785 Hollow Ridge Court,1843862600,9486964,tfirksnj@go.com
849,Madeline McAlinden,doctor,4351 Victoria Drive,5146521555,9661282,mmcalindennk@freewebs.com
850,Letitia Deerness,tech,42 Beilfuss Park,5353341002,4375251,ldeernessnl@cnet.com
851,Nataline Lowndsbrough,doctor,36147 Brentwood Way,8162460294,3909345,nlowndsbroughnm@dot.gov
852,Lilli McGoon,doctor,7717 Center Road,4118123661,5969150,lmcgoonnn@youku.com
853,Aile Peet,doctor,3136 Bartelt Avenue,3311297788,3751367,apeetno@e-recht24.de
854,Emmalyn Thorwarth,admin,7 Hoepker Park,4086951907,5521200,ethorwarthnp@virginia.edu
855,Orazio Forcade,doctor,0413 Buena Vista Circle,6568449624,2044736,oforcadenq@about.me
856,Wang Grinyov,doctor,2 Sommers Avenue,3505983580,7077791,wgrinyovnr@chron.com
857,Gardner Fannon,doctor,53932 Cambridge Park,2812701222,5852172,gfannonns@163.com
858,Sheena Tayspell,doctor,870 Westerfield Street,9242447785,5859003,stayspellnt@prlog.org
859,Sanderson Fahy,doctor,81 Grover Crossing,2025680710,7158348,sfahynu@ameblo.jp
860,Lynnea Jonczyk,admin,6751 Pawling Drive,4818167539,2925003,ljonczyknv@pcworld.com
861,Marybelle Mealing,doctor,68 Mallard Pass,1012180365,1448954,mmealingnw@apache.org
862,Sella Ashlee,doctor,12255 Merrick Way,9348887193,8809674,sashleenx@squidoo.com
863,Menard Davioud,admin,3277 Coolidge Alley,6177616625,8616260,mdavioudny@domainmarket.com
864,Rodrique Janaway,doctor,8124 Oneill Street,1571020248,9799521,rjanawaynz@nih.gov
865,Cathyleen Meany,doctor,835 Twin Pines Crossing,4331742801,7499535,cmeanyo0@arizona.edu
866,Curr Please,doctor,60 Mesta Road,2415493662,8422159,cpleaseo1@4shared.com
867,Garald Do,doctor,84136 Daystar Hill,1823975123,9942397,gdoo2@creativecommons.org
868,Rebeca Djekovic,doctor,086 Porter Center,6078997389,2435370,rdjekovico3@com.com
869,Carroll Minear,doctor,73814 Novick Junction,3972197634,2827868,cminearo4@sciencedirect.com
870,Lynde Carmichael,doctor,806 Raven Trail,3379910659,4180435,lcarmichaelo5@gizmodo.com
871,Dorrie Rapkins,doctor,03 Talisman Avenue,9124914655,7098354,drapkinso6@youtu.be
872,Madge Bonds,doctor,43 Rowland Road,7108486149,7481093,mbondso7@theguardian.com
873,Alfie Fillery,doctor,508 Veith Park,9276619564,6865082,afilleryo8@businessinsider.com
874,Antonin Kirstein,doctor,184 Talisman Plaza,8085582531,1350744,akirsteino9@bigcartel.com
875,Paulie McTurley,doctor,9481 Northview Trail,5182600136,4104252,pmcturleyoa@gov.uk
876,Sharl Timmins,doctor,078 Lakewood Plaza,5965178648,2655228,stimminsob@freewebs.com
877,Danna Addington,doctor,9894 Warbler Crossing,1693659315,2942077,daddingtonoc@soup.io
878,Sallie Ralfe,doctor,863 Gerald Alley,1233488124,2712562,sralfeod@paginegialle.it
879,Philippine De Lorenzo,doctor,1 David Place,1328365887,8545639,pdeoe@google.ru
880,Ryley Spehr,tech,05 Dorton Avenue,7151580300,1870468,rspehrof@hao123.com
881,Siobhan Rops,tech,3 Corry Court,4903722883,2674327,sropsog@usa.gov
882,Stevie Sweedy,admin,3600 Parkside Road,6716323072,9309805,ssweedyoh@myspace.com
883,Donall Burkill,admin,92 Pennsylvania Center,7718771399,5238562,dburkilloi@mashable.com
884,Elset Kelk,admin,1155 Thierer Drive,1082906979,7651995,ekelkoj@nasa.gov
885,Pooh Garfitt,doctor,1574 Iowa Pass,9846424535,9602621,pgarfittok@jalbum.net
886,Muire Derkes,doctor,58394 Loftsgordon Junction,5437622905,9828542,mderkesol@shinystat.com
887,Jen Mulloch,tech,41050 Ohio Road,8139729529,8945826,jmullochom@seattletimes.com
888,Art Beglin,doctor,297 Haas Road,8773371817,6494326,abeglinon@jigsy.com
889,Casandra Grishenkov,doctor,75 Hintze Way,8156040918,1095689,cgrishenkovoo@ycombinator.com
890,Banky Sango,doctor,04626 Cardinal Terrace,6627654126,9670093,bsangoop@edublogs.org
891,Vale Ambrogioli,admin,6673 Twin Pines Drive,2818595305,1726763,vambrogiolioq@indiatimes.com
892,Simonne Cleever,doctor,64197 Straubel Street,3167593235,5043833,scleeveror@rambler.ru
893,Katee Melross,tech,6 Sutherland Way,9845506234,6595389,kmelrossos@surveymonkey.com
894,Vail Jozwiak,doctor,7772 Center Drive,3864471416,4011011,vjozwiakot@gnu.org
895,Henri Callaway,doctor,6590 Sommers Junction,3439282197,2425832,hcallawayou@cloudflare.com
896,Joseph Yushin,doctor,09 Dixon Road,6989727307,6430664,jyushinov@nps.gov
897,Elna Sarath,doctor,22241 Lakewood Gardens Way,3715871831,7027607,esarathow@ezinearticles.com
898,Maggi Chastel,doctor,7 Graedel Lane,3846974324,7331336,mchastelox@accuweather.com
899,Karlan De Gregoli,doctor,16659 1st Terrace,3241733661,7950862,kdeoy@nifty.com
900,Silvanus Jotcham,doctor,9 Holmberg Pass,9645433302,4375343,sjotchamoz@redcross.org
901,Gustav Harker,doctor,18907 2nd Place,8964220358,1537268,gharkerp0@soup.io
902,Kariotta Iacapucci,doctor,04 Saint Paul Way,4496973350,8001351,kiacapuccip1@google.ca
903,Dacie Wishart,doctor,813 Crowley Street,7576427106,7744722,dwishartp2@1688.com
904,Alameda Dainter,admin,4 Hollow Ridge Street,3337341290,4854307,adainterp3@163.com
905,Bobbette Falkingham,doctor,2539 Larry Hill,7763077996,1899725,bfalkinghamp4@oakley.com
906,Frank Frow,doctor,87 4th Hill,1965116498,9334613,ffrowp5@salon.com
907,Fionnula Piffe,doctor,123 Roxbury Plaza,1378854991,4560427,fpiffep6@wufoo.com
908,Tiebout Worlidge,doctor,91174 Annamark Park,5889736531,3710286,tworlidgep7@goo.ne.jp
909,Tucky De Angelis,doctor,4394 Donald Terrace,1127424331,6979344,tdep8@ft.com
910,Betty Lambarth,doctor,29 Vidon Drive,6452951919,2526984,blambarthp9@bandcamp.com
911,Brennen Fomichyov,doctor,077 Glendale Crossing,5794151637,7777243,bfomichyovpa@youtu.be
912,Brinn Tuckerman,doctor,9061 Tomscot Street,8075703780,4605168,btuckermanpb@gmpg.org
913,Ulrikaumeko Siddons,doctor,6901 Ludington Terrace,9105338031,4832737,usiddonspc@paginegialle.it
914,Barbabas Vasilchikov,doctor,3 Fremont Alley,7116067085,8232237,bvasilchikovpd@themeforest.net
915,Billy Handforth,doctor,8404 Ohio Place,4396098264,2627848,bhandforthpe@google.cn
916,Kristan Dencs,doctor,878 Center Trail,2578614808,2911358,kdencspf@amazon.com
917,Pyotr Fancett,doctor,4997 Springview Way,4871032126,2977211,pfancettpg@hc360.com
918,Lane Frisch,doctor,3856 Fairfield Terrace,5862670648,5881638,lfrischph@nih.gov
919,Cammy Wright,admin,2 Blue Bill Park Drive,2022048708,5684411,cwrightpi@t.co
920,Mathian Jessope,admin,93237 Stoughton Park,1497918108,5040308,mjessopepj@goodreads.com
921,Daniel Ninotti,doctor,31935 Michigan Center,4484590564,1291047,dninottipk@github.com
922,Malchy Faithfull,doctor,8 7th Court,6774035159,8546724,mfaithfullpl@howstuffworks.com
923,Vanda Yaxley,doctor,2 Cascade Park,6358354978,5729488,vyaxleypm@thetimes.co.uk
924,Daniela Swarbrick,admin,0747 Leroy Parkway,7675877757,8794487,dswarbrickpn@baidu.com
925,Hunfredo Whyborne,doctor,4 Hallows Park,2588975307,5092685,hwhybornepo@scribd.com
926,Lura Marnes,doctor,621 Hoffman Plaza,5673869427,4077366,lmarnespp@1688.com
927,Jemie Matignon,doctor,837 Fisk Trail,4425709492,4903898,jmatignonpq@mayoclinic.com
928,Gilbertina Bernholt,doctor,2074 West Alley,3655872927,7801419,gbernholtpr@joomla.org
929,Andy Stephens,doctor,4976 Pond Way,9189198607,4968329,astephensps@odnoklassniki.ru
930,Elston Wisam,doctor,9443 Declaration Junction,2568752764,9554016,ewisampt@dot.gov
931,Urbanus Furniss,doctor,26 Petterle Parkway,7763827084,2356073,ufurnisspu@sphinn.com
932,Gaston Chattoe,doctor,210 Erie Terrace,3675219046,6505474,gchattoepv@marriott.com
933,Wilek Grenshields,doctor,37729 Troy Lane,7135494523,6422342,wgrenshieldspw@google.fr
934,Lorne Raveau,doctor,0 Oriole Alley,7097809730,3137678,lraveaupx@google.ru
935,Leonie Ellerington,doctor,8101 Rockefeller Road,2134501063,6046015,lelleringtonpy@storify.com
936,Melonie McCowen,doctor,6 Larry Trail,6305393275,3095556,mmccowenpz@seattletimes.com
937,Marketa Lindenboim,doctor,92752 Glendale Point,5098357811,4445972,mlindenboimq0@samsung.com
938,Gerhardine Abercrombie,doctor,2 Artisan Lane,4832871363,3660962,gabercrombieq1@xing.com
939,Patricio Rudham,doctor,544 Rockefeller Point,4188980040,1053275,prudhamq2@mozilla.com
940,Karlis Crabtree,doctor,511 Evergreen Way,8179945256,2668870,kcrabtreeq3@bandcamp.com
941,Fredericka Whitmell,admin,00250 Shasta Point,7178933733,9543138,fwhitmellq4@imdb.com
942,Bev Dominiak,doctor,7583 Sachtjen Circle,8216158358,1719061,bdominiakq5@ebay.co.uk
943,Aili Pietz,doctor,7602 John Wall Drive,7234279262,7689866,apietzq6@theguardian.com
944,Felita Meyer,tech,7 Fremont Alley,2881644224,2034841,fmeyerq7@blogs.com
945,Aloisia Steptowe,doctor,04 Nelson Parkway,7361314455,5988158,asteptoweq8@clickbank.net
946,Michelle Dulany,doctor,5716 Heffernan Drive,6844200368,5671300,mdulanyq9@exblog.jp
947,Beryle Jobe,doctor,76 Graedel Point,7082762301,2984991,bjobeqa@scientificamerican.com
948,Romola Junkison,admin,5 Charing Cross Drive,9477822120,2324577,rjunkisonqb@usgs.gov
949,Grantham Scattergood,tech,59 Rieder Park,8257191048,7381773,gscattergoodqc@zimbio.com
950,Cyndi Capsey,doctor,66 Orin Alley,3976543179,4901016,ccapseyqd@networkadvertising.org
951,Steve Ayscough,tech,70758 Arizona Parkway,9587066649,3644690,sayscoughqe@a8.net
952,Tuesday Noli,doctor,38315 Golf View Court,7399009913,8607798,tnoliqf@ted.com
953,Justine Borg,doctor,45703 Northview Center,7981620504,1252819,jborgqg@wikipedia.org
954,June Surridge,doctor,563 Golf Point,3991056417,2110529,jsurridgeqh@ed.gov
955,Cyrill Dowe,doctor,36397 Stoughton Alley,8665692448,3063665,cdoweqi@about.me
956,Joye Ickovic,doctor,88 Shoshone Terrace,8697457534,2619685,jickovicqj@mozilla.com
957,Rayna Boncore,tech,1515 Moulton Pass,5352939427,3403349,rboncoreqk@rambler.ru
958,Therine Chestnut,doctor,38993 Welch Park,9568346481,8069081,tchestnutql@cdc.gov
959,Torrence Garlant,doctor,28939 Lerdahl Way,8791730549,7791357,tgarlantqm@photobucket.com
960,Kassi Fruish,doctor,76 8th Avenue,7865273933,4000846,kfruishqn@google.pl
961,Flossy Franks,doctor,51654 Hanover Park,1719220983,8149466,ffranksqo@cbc.ca
962,Mayor Hummerston,tech,44890 Hermina Alley,4536002362,6532408,mhummerstonqp@salon.com
963,Foster Sigert,admin,67 Ridgeview Plaza,2101859976,7195266,fsigertqq@plala.or.jp
964,Zorah Hodcroft,admin,181 Schmedeman Drive,3797481775,8931315,zhodcroftqr@about.me
965,Devondra Crackett,doctor,52 Sutherland Pass,2298503252,3758652,dcrackettqs@home.pl
966,Gerianna Garter,doctor,9 Cherokee Road,5976532043,5273920,ggarterqt@vinaora.com
967,Gena McCreery,doctor,55 Arrowood Plaza,3135255644,2043525,gmccreeryqu@ox.ac.uk
968,Shell Braiden,admin,69134 Columbus Pass,3026223523,6703936,sbraidenqv@mac.com
969,Maxwell Boshers,doctor,0591 Twin Pines Alley,4684629255,7958183,mboshersqw@eepurl.com
970,Selia Danher,doctor,4760 Northport Center,4423483834,2789056,sdanherqx@npr.org
971,Erv Tease,doctor,81298 Lyons Pass,6577101954,2833538,eteaseqy@is.gd
972,Reinhold Shewsmith,doctor,0314 Grayhawk Center,6721833190,9906789,rshewsmithqz@163.com
973,Ashby Langfitt,admin,400 8th Pass,6805161014,1520759,alangfittr0@1und1.de
974,Nan Doy,doctor,4 American Ash Court,5952639310,4450925,ndoyr1@engadget.com
975,Tiffy Backe,doctor,8617 Sloan Way,4966898220,9845965,tbacker2@ezinearticles.com
976,Donn Braisher,doctor,61 Saint Paul Court,2928906309,4003166,dbraisherr3@canalblog.com
977,Chrotoem Elnough,doctor,543 Veith Trail,7071129083,9002084,celnoughr4@senate.gov
978,Clarance Fogden,doctor,99788 Fieldstone Drive,8999198557,8121054,cfogdenr5@census.gov
979,Eugenio Gibling,doctor,151 Hollow Ridge Pass,3328092829,6612172,egiblingr6@sciencedaily.com
980,Hendrika Cathcart,tech,53929 Bartillon Road,9726764280,8225304,hcathcartr7@nasa.gov
981,Davide Manhood,tech,8523 Namekagon Place,2492802436,2219380,dmanhoodr8@list-manage.com
982,Merell Bonniface,doctor,76453 Arrowood Plaza,8028721279,5117334,mbonnifacer9@independent.co.uk
983,Pierette Davidesco,admin,65774 Merry Point,7815517252,7148267,pdavidescora@msn.com
984,Tom Deveril,doctor,0935 Jenna Circle,2286498176,9071817,tdeverilrb@wiley.com
985,Cindy Ivashkin,admin,539 Portage Avenue,4717966815,7991162,civashkinrc@t-online.de
986,Derril Van Daalen,doctor,2012 Duke Trail,8315394539,1875375,dvanrd@feedburner.com
987,Penn Myerscough,admin,9706 Morningstar Terrace,8763955041,3922054,pmyerscoughre@ted.com
988,Ewell Christie,doctor,4744 Sauthoff Place,1311025321,4449021,echristierf@yandex.ru
989,Coral McGifford,doctor,595 Boyd Way,1713674935,6760400,cmcgiffordrg@a8.net
990,Valida Gonoude,doctor,02708 Nevada Circle,5231804412,5445203,vgonouderh@domainmarket.com
991,Reidar Vassar,doctor,0464 Helena Parkway,3035328114,4889525,rvassarri@opera.com
992,Norene Lumbers,doctor,30431 Artisan Hill,9272139941,1679450,nlumbersrj@alibaba.com
993,Annecorinne Tamsett,doctor,4 Moland Road,1164211469,4121221,atamsettrk@businessinsider.com
994,Julietta O' Molan,admin,9126 Hoffman Lane,4366316530,4385086,jorl@topsy.com
995,Lester Mawer,doctor,36 Jackson Center,3127564886,1389943,lmawerrm@bing.com
996,Kitty Crowson,admin,00864 Ilene Street,5144800331,1528238,kcrowsonrn@reuters.com
997,Duncan Sissons,admin,7 Bayside Hill,4105158547,7312971,dsissonsro@icq.com
998,Anstice Blazdell,doctor,73942 Scoville Place,5926172804,9404012,ablazdellrp@mac.com
999,Trueman Beardshall,doctor,86 Sullivan Point,4883862191,4015517,tbeardshallrq@ibm.com
1000,Elfie Dunbleton,doctor,816 Corry Center,3584579851,6590842,edunbletonrr@wikia.com
